ticker,name,rating,mention_frequency,sentiment,key_themes,strategic_initiatives,perceived_risks,notable_quotes,pullback_mentions,named_competitors,risk_focus_analysis,involvement_rating
ALLY,Ally Financial Inc.,2,low,neutral,credit risk management; corporate finance; sponsor finance; loan portfolio growth; senior secured loans; middle-market lending; syndication; commercial real estate exposure,"Ally Financial Inc. has limited direct private credit exposure, with some activity in credit risk management, corporate finance, sponsor finance, loan portfolio growth, senior secured loans. The bank's NBFI lending ratio is below the peer median.",Key risk signals identified for Ally Financial Inc.: credit quality deterioration in NBFI-related exposures; concentration risk in non-bank lending. The anomaly engine flagged 3 signals across 2 categories.,"{'quote': 'All commercial segments—most notably corporate finance—continued to exhibit stable credit, marked by a second consecutive year of zero net charge-offs and historically low criticized assets and nonaccrual exposures.', 'topic': 'corporate finance', 'source': 'transcript'}; {'quote': '2026 guidance\n -- Full-year NIM outlook at 3.6%-3.7%; retail auto and corporate finance loan growth projected in mid-single digits; retail auto net charge-offs expected between 1.8%-2%.', 'topic': 'corporate finance', 'source': 'transcript'}; {'quote': 'On the corporate finance side, we continued with disciplined growth, and we really like what we see in the portfolio in terms of nonaccruals and criticized assets.', 'topic': 'corporate finance', 'source': 'transcript'}; {'quote': 'The team has leveraged its longstanding relationships with financial sponsors, along with the strategic expansion of our product suite to drive accretive, responsible loan growth even in a competitive market.', 'topic': 'sponsor finance', 'source': 'transcript'}; {'quote': 'The robust relationships we have with private equity sponsors and asset-based lenders have enabled us to grow the business at attractive returns while prudently managing risk.', 'topic': 'sponsor finance', 'source': 'transcript'}","Transcript language leans expansionary (84 expansion signals vs 10 pullback signals), suggesting continued or growing involvement.",,"Ally Financial Inc.'s NBFI loan ratio of 14.4% is substantially above the industry average, indicating heavy concentration in non-bank lending. Sentiment 'neutral' derived from NLP disclosure signal ('none') across 3 anomaly flags. QoQ direction: contracting (-0.4%).",2
ASB,Associated Banc-Corp,3,medium,cautious,credit risk management; commercial real estate exposure; loan portfolio growth; middle-market lending; sponsor finance; syndication; warehouse lending,"Associated Banc-Corp maintains moderate private credit exposure across credit risk management, commercial real estate exposure, loan portfolio growth, middle-market lending, sponsor finance. The bank's lending profile suggests selective participation in NBFI-related activities relative to its peer group.",Key risk signals identified for Associated Banc-Corp: credit quality deterioration in NBFI-related exposures; concentration risk in non-bank lending; valuation uncertainty in private credit holdings. The anomaly engine flagged 3 signals across 3 categories.,"{'quote': 'Credit Quality Metrics\n -- Nonaccrual loans were down to $106 million in Q3 2025 (down $7 million versus Q2 2025 and down $22 million from 2024); net charge-offs held steady at 0.17% of total loans.', 'topic': 'credit risk management', 'source': 'transcript'}; {'quote': 'Credit Quality\n-- Non-accrual loans decreased 16%, and net charge-offs were $13 million (0.17% of average loans), which, according to management, remain in line with prior quarters.', 'topic': 'credit risk management', 'source': 'transcript'}; {'quote': 'CRE Portfolio\n -- Commercial real estate average balances decreased $160 million on a quarterly average basis in Q3 2025 versus Q2 2025; payoff activity anticipated to remain elevated with falling rates.', 'topic': 'commercial real estate exposure', 'source': 'transcript'}; {'quote': 'Total criticized loans ticked higher in Q3, with an increase in substandard accruing partially offset by decreases in the special mention and non-accrual categories.', 'topic': 'credit risk management', 'source': 'transcript'}; {'quote': 'Much of this increase was driven by migration within CRE as we maintain a proactive and conservative approach relative to credit risk ratings, aligning with the current industry guidance.', 'topic': 'credit risk management', 'source': 'transcript'}","Transcript language leans expansionary (145 expansion signals vs 0 pullback signals), suggesting continued or growing involvement.",private credit funds,"Associated Banc-Corp's NBFI loan ratio of 26.3% is substantially above the industry average, indicating heavy concentration in non-bank lending. Sentiment 'cautious' derived from NLP disclosure signal ('none') across 3 anomaly flags. QoQ direction: expanding (+1.1%).",3
AXP,American Express Company,1,low,neutral,credit risk management; middle-market lending; sponsor finance; loan portfolio growth,American Express Company has minimal private credit involvement. Disclosure language and Call Report data suggest the bank focuses primarily on traditional lending rather than NBFI-oriented activities.,Key risk signals identified for American Express Company: concentration risk in non-bank lending; significant deviation from peer group norms. The anomaly engine flagged 2 signals across 2 categories.,"{'quote': 'Chairman Squeri confirmed, ""we maintained excellent credit quality"" while sustaining high levels of investment and innovation in core offerings.', 'topic': 'credit risk management', 'source': 'transcript'}; {'quote': 'Card fee growth continued in double digits, for thirty straight quarters and we maintained excellent credit quality.', 'topic': 'credit risk management', 'source': 'transcript'}; {'quote': 'For example, after a product refresh, in addition to its financial results, we measure customer demand and engagement, credit quality, retention, and relationship expansion.', 'topic': 'credit risk management', 'source': 'transcript'}; {'quote': 'Customer demand is high, engagement is up, credit quality continues to be excellent.', 'topic': 'credit risk management', 'source': 'transcript'}; {'quote': 'We saw healthy spending and loan growth throughout the year and continued demand for our premium products.', 'topic': 'loan portfolio growth', 'source': 'transcript'}","Transcript language leans expansionary (203 expansion signals vs 2 pullback signals), suggesting continued or growing involvement.",private credit funds,American Express Company's NBFI loan ratio of 4.2% reflects moderate private credit market participation. Sentiment 'neutral' derived from NLP disclosure signal ('none') across 2 anomaly flags. QoQ direction: contracting (-0.0%).,1
BAC,Bank of America Corporation,5,high,positive,loan portfolio growth; credit risk management; commercial real estate exposure; middle-market lending; leveraged lending; asset-based lending; sponsor finance; warehouse lending,"Bank of America Corporation shows significant private credit involvement, with key activities spanning loan portfolio growth, credit risk management, commercial real estate exposure, middle-market lending, leveraged lending. The bank's NBFI exposure ratio places it in the upper tier of peers, indicating active participation in non-bank financial institution lending.",Key risk signals identified for Bank of America Corporation: credit quality deterioration in NBFI-related exposures; concentration risk in non-bank lending; valuation uncertainty in private credit holdings. The anomaly engine flagged 3 signals across 3 categories.,"{'quote': 'Credit Quality\n: Net charge-offs were $1.5 billion, with consumer net charge-offs declining linked quarter and commercial real estate office charge-offs were elevated; total net charge-off ratio of 55 basis points.', 'topic': 'credit risk management', 'source': 'transcript'}; {'quote': 'We see solid commercial loan growth and we see good credit quality with the exception of CRE in office, which we will talk about.', 'topic': 'credit risk management', 'source': 'transcript'}; {'quote': 'Q2 provision expense was $1.6 billion and mostly matched the net charge-offs Modest reserve builds in some areas primarily for loan growth were mostly offset by releases associated with lower office exposures and mainly from sales.', 'topic': 'credit risk management', 'source': 'transcript'}; {'quote': 'Focusing on total net charge-offs again and looking forward in the near term, we would not expect much change in the total net charge-off ratio given the steadiness of consumer delinquencies stability of C and I and the reductions in our CRE office exposures.', 'topic': 'credit risk management', 'source': 'transcript'}; {'quote': 'Net charge-offs of $1.5 billion increased $306 million from the fourth quarter, driven by continued credit card seasoning and commercial real estate office exposures, as swift revaluations from current appraisals and resolutions drove higher charge-offs.', 'topic': 'credit risk management', 'source': 'transcript'}","Transcript language leans expansionary (328 expansion signals vs 6 pullback signals), suggesting continued or growing involvement.",,"Bank of America Corporation's NBFI loan ratio of 38.8% is substantially above the industry average, indicating heavy concentration in non-bank lending. Sentiment 'positive' derived from NLP disclosure signal ('none') across 3 anomaly flags. QoQ direction: expanding (+2.7%).",5
BK,The Bank of New York Mellon,4,medium,positive,credit risk management; commercial real estate exposure; middle-market lending,"The Bank of New York Mellon shows significant private credit involvement, with key activities spanning credit risk management, commercial real estate exposure, middle-market lending. The bank's NBFI exposure ratio places it in the upper tier of peers, indicating active participation in non-bank financial institution lending.",Key risk signals identified for The Bank of New York Mellon: concentration risk in non-bank lending. The anomaly engine flagged 1 signals across 1 categories.,"{'quote': 'Provision for credit losses was a benefit of $26 million in the quarter, primarily driven by improvements in commercial real estate exposure and changes in the macroeconomic forecast.', 'topic': 'credit risk management', 'source': 'transcript'}; {'quote': 'Provision for Credit Losses\n: Benefit of $17 million, due to property-specific reserve releases in commercial real estate.', 'topic': 'credit risk management', 'source': 'transcript'}; {'quote': 'Provision for credit losses was a benefit of $17 million in the quarter, driven by property-specific reserve releases in our commercial real estate portfolio.', 'topic': 'credit risk management', 'source': 'transcript'}","Transcript language leans expansionary (226 expansion signals vs 3 pullback signals), suggesting continued or growing involvement.",,"The Bank of New York Mellon's NBFI loan ratio of 27.7% is substantially above the industry average, indicating heavy concentration in non-bank lending. Sentiment 'positive' derived from NLP disclosure signal ('none') across 1 anomaly flags. QoQ direction: contracting (-3.8%).",4
BKU,"BankUnited, Inc.",3,low,neutral,commercial real estate exposure; credit risk management; loan portfolio growth; syndication; specialty finance lending; middle-market lending; sponsor finance; private credit,"BankUnited, Inc. maintains moderate private credit exposure across commercial real estate exposure, credit risk management, loan portfolio growth, syndication, specialty finance lending. The bank's lending profile suggests selective participation in NBFI-related activities relative to its peer group.","Key risk signals identified for BankUnited, Inc.: credit quality deterioration in NBFI-related exposures; concentration risk in non-bank lending; valuation uncertainty in private credit holdings. The anomaly engine flagged 12 signals across 3 categories.","{'quote': 'Credit Quality\n -- Criticized/classified loans decreased by $27 million; non-performing loans (NPLs) declined by $7 million; net charge-offs were just under $25 million, affected by a $10 million C&I fraud write-off; allowance for credit losses stayed roughly flat at $220 million.', 'topic': 'credit risk management', 'source': 'transcript'}; {'quote': 'CRE Portfolio Metrics\n -- Commercial real estate loans totaled $6.8 billion, constituting 28% of total loans; CRE grew 9% for the year, with office exposure declining $98 million (6%) quarter over quarter and criticized/classified CRE loans falling by $36 million.', 'topic': 'credit risk management', 'source': 'transcript'}; {'quote': 'Lunak detailed that, of the $142 million in total CRE nonaccrual, $124 million is office exposure.', 'topic': 'credit risk management', 'source': 'transcript'}; {'quote': 'Of $142 million in total CRE nonaccrual, $124 million is office exposure.', 'topic': 'credit risk management', 'source': 'transcript'}; {'quote': 'The commercial ACL ratio, that C&I, CRE, franchise and equipment finance, was 1.34% at March 31, and the reserve on CRE office was 1.99%.', 'topic': 'commercial real estate exposure', 'source': 'transcript'}","Transcript language leans expansionary (199 expansion signals vs 10 pullback signals), suggesting continued or growing involvement.",private credit funds,"BankUnited, Inc.'s NBFI loan ratio of 19.8% is substantially above the industry average, indicating heavy concentration in non-bank lending. Sentiment 'neutral' derived from NLP disclosure signal ('none') across 12 anomaly flags. QoQ direction: contracting (-0.2%).",3
BOKF,BOK Financial Corporation,4,high,positive,loan portfolio growth; credit risk management; commercial real estate exposure; sponsor finance; syndication; warehouse lending; specialty finance lending; leveraged lending,"BOK Financial Corporation shows significant private credit involvement, with key activities spanning loan portfolio growth, credit risk management, commercial real estate exposure, sponsor finance, syndication. The bank's NBFI exposure ratio places it in the upper tier of peers, indicating active participation in non-bank financial institution lending.",Key risk signals identified for BOK Financial Corporation: credit quality deterioration in NBFI-related exposures; concentration risk in non-bank lending; significant deviation from peer group norms. The anomaly engine flagged 3 signals across 3 categories.,"{'quote': 'CRE Portfolio\n-- Commercial real estate balances grew 6.9% quarter over quarter, mainly in multifamily housing, retail, and industrial project lending.', 'topic': 'commercial real estate exposure', 'source': 'transcript'}; {'quote': 'This reflects our upper single-digit loan growth expectation and a very strong starting point in credit quality that we can see today.', 'topic': 'credit risk management', 'source': 'transcript'}; {'quote': 'You know, I noticed that consumer loan growth did moderate in the fourth quarter, and commercial real estate was down, but you talked about the refinancings to permit finance, but strong pipeline.', 'topic': 'loan portfolio growth', 'source': 'transcript'}; {'quote': 'Loan Growth\n-- Total outstanding loans rose 2.5% sequentially, annualizing above 10%, with particular strength in commercial real estate, core commercial and industrial lending, and loans to individuals.', 'topic': 'loan portfolio growth', 'source': 'transcript'}; {'quote': 'Summary\nManagement stated that growth in core commercial and industrial lending, the CRE segment, and individual loans accelerated as payoff activity in specialty lending subsided.', 'topic': 'commercial real estate exposure', 'source': 'transcript'}","Transcript language leans expansionary (169 expansion signals vs 3 pullback signals), suggesting continued or growing involvement.",,"BOK Financial Corporation's NBFI loan ratio of 34.2% is substantially above the industry average, indicating heavy concentration in non-bank lending. Sentiment 'positive' derived from NLP disclosure signal ('none') across 3 anomaly flags. QoQ direction: expanding (+1.0%).",4
BPOP,"Popular, Inc.",2,low,neutral,credit risk management; loan portfolio growth; commercial real estate exposure; specialty finance lending; middle-market lending,"Popular, Inc. has limited direct private credit exposure, with some activity in credit risk management, loan portfolio growth, commercial real estate exposure, specialty finance lending, middle-market lending. The bank's NBFI lending ratio is below the peer median.","Key risk signals identified for Popular, Inc.: concentration risk in non-bank lending; significant deviation from peer group norms. The anomaly engine flagged 2 signals across 2 categories.","{'quote': 'The allowance for credit losses increased by $7 million, driven by higher reserves from portfolio growth and less favorable economic assumptions, offset in part by revised probability weights and changes in credit quality.', 'topic': 'credit risk management', 'source': 'transcript'}; {'quote': 'Provision for Credit Losses\n -- $71 million, $25 million higher sequentially, attributed partially to loan growth and consumer charge-offs.', 'topic': 'credit risk management', 'source': 'transcript'}; {'quote': 'The provision for credit losses of $71 million, although $25 million higher than the second quarter, increased in part due to loan growth during the quarter in addition to charge-off activity in the consumer loan portfolio.', 'topic': 'credit risk management', 'source': 'transcript'}","Transcript language leans expansionary (180 expansion signals vs 6 pullback signals), suggesting continued or growing involvement.",private credit funds,"Popular, Inc.'s NBFI loan ratio of 10.7% is substantially above the industry average, indicating heavy concentration in non-bank lending. Sentiment 'neutral' derived from NLP disclosure signal ('none') across 2 anomaly flags. QoQ direction: contracting (-0.1%).",2
C,Citigroup Inc.,5,high,positive,credit risk management; loan portfolio growth; corporate finance; sponsor finance; middle-market lending; private credit; leveraged lending; syndication,"Citigroup Inc. shows significant private credit involvement, with key activities spanning credit risk management, loan portfolio growth, corporate finance, sponsor finance, middle-market lending. The bank's NBFI exposure ratio places it in the upper tier of peers, indicating active participation in non-bank financial institution lending.",Key risk signals identified for Citigroup Inc.: concentration risk in non-bank lending; significant deviation from peer group norms. The anomaly engine flagged 2 signals across 2 categories.,"{'quote': ""Banking had a record year, including the best quarter and year for M&A revenues in Citi's history, as we gained share in our target sectors as well as in leveraged finance and with sponsors, resulting in an 11.3% ROTCE."", 'topic': 'leveraged lending', 'source': 'transcript'}; {'quote': 'M and A was up 52% with gains across a multitude of sectors, and with financial sponsors.', 'topic': 'sponsor finance', 'source': 'transcript'}; {'quote': ""Our markets business, particularly in spreads, we expect to see continued growth particularly in private credit and that's largely driven by asset-backed financing and a bit of commercial real estate."", 'topic': 'private credit', 'source': 'transcript'}; {'quote': 'This partnership positions us with another solution for debt financing for our clients and it allows us to engage in private credit with the same depths and expertise as we currently do with syndicated debt markets.', 'topic': 'syndication', 'source': 'transcript'}; {'quote': ""And this platform enhances corporate and sponsor clients' access to the private lending capital pool at real scale."", 'topic': 'sponsor finance', 'source': 'transcript'}","Transcript language leans expansionary (172 expansion signals vs 8 pullback signals), suggesting continued or growing involvement.",,"Citigroup Inc.'s NBFI loan ratio of 44.7% is substantially above the industry average, indicating heavy concentration in non-bank lending. Sentiment 'positive' derived from NLP disclosure signal ('none') across 2 anomaly flags. QoQ direction: contracting (-3.6%).",5
CFG,Citizens Financial Group,3,medium,neutral,credit risk management; loan portfolio growth; syndication; commercial real estate exposure; fund finance; middle-market lending; private credit; sponsor finance,"Citizens Financial Group maintains moderate private credit exposure across credit risk management, loan portfolio growth, syndication, commercial real estate exposure, fund finance. The bank's lending profile suggests selective participation in NBFI-related activities relative to its peer group.",Key risk signals identified for Citizens Financial Group: concentration risk in non-bank lending. The anomaly engine flagged 1 signals across 1 categories.,"{'quote': 'Credit Trends\n: Net charge-offs decreased to 48 basis points from 51 in Q1 2025 after adjusting for the non-core education loan sale; nonaccrual loans declined 4% sequentially.', 'topic': 'credit risk management', 'source': 'transcript'}; {'quote': 'Allowance for Credit Losses\n: Reduced slightly to 1.59% of loans, with general office portfolio reserve at $3.222 billion (11.8% coverage), reflecting active utilization of reserve as charge-offs occur.', 'topic': 'credit risk management', 'source': 'transcript'}; {'quote': 'Loans are secured by strong credit quality, with management citing high FICO scores (high 700s), prudent underwriting, and improved credit indicators as discussed in recent quarters, and commercial real estate headwinds diminishing as reserves were actively deployed and backlogs worked through.', 'topic': 'credit risk management', 'source': 'transcript'}; {'quote': 'Bruce Van Saun highlighted that our diversity helped as strength in equity underwriting and loan syndications offset weaker debt capital markets and a delay in the completion of several significant M&A deals.', 'topic': 'syndication', 'source': 'transcript'}; {'quote': 'Our diversity helped as strength in equity underwriting and loan syndications offset weaker debt capital markets and a delay in the completion of several significant M&A deals.', 'topic': 'syndication', 'source': 'transcript'}","Transcript language leans expansionary (164 expansion signals vs 4 pullback signals), suggesting continued or growing involvement.",private credit funds,"Citizens Financial Group's NBFI loan ratio of 24.9% is substantially above the industry average, indicating heavy concentration in non-bank lending. Sentiment 'neutral' derived from NLP disclosure signal ('none') across 1 anomaly flags. QoQ direction: expanding (+0.3%).",3
CFR,Cullen/Frost Bankers,3,medium,neutral,commercial real estate exposure; credit risk management; loan portfolio growth; fund finance; asset-based lending; private credit; sponsor finance,"Cullen/Frost Bankers maintains moderate private credit exposure across commercial real estate exposure, credit risk management, loan portfolio growth, fund finance, asset-based lending. The bank's lending profile suggests selective participation in NBFI-related activities relative to its peer group.",Key risk signals identified for Cullen/Frost Bankers: concentration risk in non-bank lending. The anomaly engine flagged 1 signals across 1 categories.,"{'quote': 'Credit quality discussion identified $860 million in NDFI loans, mainly subscription lines and private credit intermediaries, but no emerging concerns, as nonperforming assets and net charge-offs have both declined.', 'topic': 'fund finance', 'source': 'transcript'}; {'quote': 'Our overall credit quality remains good by historical standards, with net charge-offs and nonaccrual loans both at healthy levels.', 'topic': 'credit risk management', 'source': 'transcript'}; {'quote': 'With the exception of the risk grade migration that I just mentioned in the multifamily CRE portfolio, which we expected, our overall commercial real estate lending portfolio remains stable, with steady operating performance across all asset types and acceptable debt service coverage ratios.', 'topic': 'commercial real estate exposure', 'source': 'transcript'}; {'quote': 'Credit quality is good by historical standards with net charge-offs and debt and new nonaccrual loans at healthy levels.', 'topic': 'credit risk management', 'source': 'transcript'}; {'quote': 'Within this portfolio, what we consider to be the major categories of investor CRE, office, multifamily, retail and industrial, for example, totaled about $4 billion or 46% of total CRE loans outstanding.', 'topic': 'commercial real estate exposure', 'source': 'transcript'}","Transcript language leans expansionary (199 expansion signals vs 0 pullback signals), suggesting continued or growing involvement.",,"Cullen/Frost Bankers's NBFI loan ratio of 25.4% is substantially above the industry average, indicating heavy concentration in non-bank lending. Sentiment 'neutral' derived from NLP disclosure signal ('none') across 1 anomaly flags. QoQ direction: contracting (-1.6%).",3
CMA,Comerica Incorporated,5,high,positive,loan portfolio growth; credit risk management; middle-market lending; syndication; leveraged lending; commercial real estate exposure; senior secured loans,"Comerica Incorporated shows significant private credit involvement, with key activities spanning loan portfolio growth, credit risk management, middle-market lending, syndication, leveraged lending. The bank's NBFI exposure ratio places it in the upper tier of peers, indicating active participation in non-bank financial institution lending.",Key risk signals identified for Comerica Incorporated: credit quality deterioration in NBFI-related exposures; concentration risk in non-bank lending; significant deviation from peer group norms. The anomaly engine flagged 3 signals across 3 categories.,"{'quote': 'Criticized Loans\n: Melinda Chausse specified a ""moderate increase"" in criticized loans within the core middle market book, citing that it was ""concentrated in three credits"" with consumer-end exposure and pressured by the ""higher for longer interest rates and the inflationary pressures.""\nTAKEAWAYS\nEarnings Per Share\n: Reported GAAP earnings per share of $1.42 for Q2 2025, This represents an almost 14% increase over the prior quarter.', 'topic': 'middle-market lending', 'source': 'transcript'}; {'quote': 'Elevated criticized loans were concentrated in a small number of middle market credits with consumer exposure, and guidance anticipates the full-year net interest income result may fall at the lower end of the previously stated 5%-7% target as a result of higher funding costs and typical third-quarter headwinds.', 'topic': 'middle-market lending', 'source': 'transcript'}; {'quote': 'Management signaled confidence in loan growth for the balance of 2025, supported by sustained expansion in loan pipelines and new loan production, but projected muted growth in commercial real estate.', 'topic': 'loan portfolio growth', 'source': 'transcript'}; {'quote': 'Persistent inflation and elevated rates continue to pressure customer profitability in certain businesses, driving an expected normalization in criticized loans, largely concentrated in middle market this quarter.', 'topic': 'middle-market lending', 'source': 'transcript'}; {'quote': 'The $400 million senior secured note offering in September boosted available liquidity, while plant closures (Fuzhou and Botlek) were cited as key steps to optimize the cost base for long-term competitiveness.', 'topic': 'senior secured loans', 'source': 'transcript'}","Transcript language leans expansionary (154 expansion signals vs 8 pullback signals), suggesting continued or growing involvement.",,"Comerica Incorporated's NBFI loan ratio of 35.9% is substantially above the industry average, indicating heavy concentration in non-bank lending. Sentiment 'positive' derived from NLP disclosure signal ('none') across 3 anomaly flags. QoQ direction: expanding (+1.3%).",5
COF,Capital One Financial,2,low,neutral,credit risk management; loan portfolio growth; commercial real estate exposure; middle-market lending; BDC / NBFI exposure; private credit; syndication,"Capital One Financial has limited direct private credit exposure, with some activity in credit risk management, loan portfolio growth, commercial real estate exposure, middle-market lending, BDC / NBFI exposure. The bank's NBFI lending ratio is below the peer median.",Key risk signals identified for Capital One Financial: concentration risk in non-bank lending; significant deviation from peer group norms. The anomaly engine flagged 2 signals across 2 categories.,"{'quote': 'Provision for Credit Losses\n -- $4.1 billion, up by $1.4 billion from Q3, driven by a $302 million allowance build and a $360 million rise in net charge-offs.', 'topic': 'credit risk management', 'source': 'transcript'}; {'quote': 'The domestic card segment posted a charge-off rate of 4.63%, seasonally low and lower than the prior year, with leadership highlighting ongoing improvement in underlying credit quality.', 'topic': 'credit risk management', 'source': 'transcript'}; {'quote': 'Provision for Credit Losses\n: GAAP provision was $11.4 billion, including $8.8 billion related to Discover; provision excluding Discover initial allowance build was $2.7 billion, an increase of $294 million compared to the prior quarter, driven by $324 million in higher net charge-offs.', 'topic': 'credit risk management', 'source': 'transcript'}; {'quote': 'Funded Provision Expense\n -- $18.6 million, supporting loan growth and charge-offs, with a qualitative adjustment for tariff impacts.', 'topic': 'credit risk management', 'source': 'transcript'}; {'quote': 'ACL Coverage in Stress Test\n -- Current allowance for credit losses covers 97% of projected charge-offs in a severe downturn.', 'topic': 'credit risk management', 'source': 'transcript'}","Transcript language leans expansionary (226 expansion signals vs 11 pullback signals), suggesting continued or growing involvement.",private credit funds,Capital One Financial's NBFI loan ratio of 5.3% reflects moderate private credit market participation. Sentiment 'neutral' derived from NLP disclosure signal ('none') across 2 anomaly flags. QoQ direction: contracting (-0.1%).,2
COLB,Columbia Banking System,3,low,neutral,commercial real estate exposure; credit risk management; loan portfolio growth; leveraged lending; private credit; sponsor finance,"Columbia Banking System maintains moderate private credit exposure across commercial real estate exposure, credit risk management, loan portfolio growth, leveraged lending, private credit. The bank's lending profile suggests selective participation in NBFI-related activities relative to its peer group.",Key risk signals identified for Columbia Banking System: concentration risk in non-bank lending. The anomaly engine flagged 1 signals across 1 categories.,"{'quote': 'Allowance for credit losses\n-- Credit loss allowance was 1.17% of total loans in fiscal Q2 2025, with $29 million in provision for credit loss.', 'topic': 'credit risk management', 'source': 'transcript'}; {'quote': 'As owner-occupied CRE commercial line balance increases offset multifamily and residential loan contraction.', 'topic': 'commercial real estate exposure', 'source': 'transcript'}; {'quote': 'As I noted, our provision for credit loss was $70 million for the quarter, and our overall allowance for credit losses was 1.1% of total loans, down from 1.17% as of prior quarter end due to portfolio composition shifts, model recalibration following the addition of the Pacific Premier portfolio.', 'topic': 'credit risk management', 'source': 'transcript'}; {'quote': ""It's an incredible honor to be the official uniform sponsor for the USA Curling National Team."", 'topic': 'sponsor finance', 'source': 'transcript'}; {'quote': ""Operator:\n We'll take our next question from Peter Galbo with Bank of America."", 'topic': 'leveraged lending', 'source': 'transcript'}","Transcript language leans expansionary (214 expansion signals vs 6 pullback signals), suggesting continued or growing involvement.",,"Columbia Banking System's NBFI loan ratio of 16.0% is substantially above the industry average, indicating heavy concentration in non-bank lending. Sentiment 'neutral' derived from NLP disclosure signal ('none') across 1 anomaly flags. QoQ direction: expanding (+0.5%).",3
DFS,Discover Financial Services,1,low,neutral,credit risk management; sponsor finance; corporate finance; loan portfolio growth; syndication,Discover Financial Services has minimal private credit involvement. Disclosure language and Call Report data suggest the bank focuses primarily on traditional lending rather than NBFI-oriented activities.,Key risk signals identified for Discover Financial Services: general credit risk inherent in commercial lending activities. No significant anomaly signals were detected by the NLP engine.,"{'quote': 'The team has leveraged its longstanding relationships with financial sponsors, along with the strategic expansion of our product suite to drive accretive, responsible loan growth even in a competitive market.', 'topic': 'sponsor finance', 'source': 'transcript'}; {'quote': 'S Tier\n: The highest credit quality segment in auto loan originations, generally reflecting prime or super-prime borrower characteristics.', 'topic': 'credit risk management', 'source': 'transcript'}; {'quote': 'In corporate finance, our portfolio has attractive floating rate yields and we continue to see healthy fee income from syndications.', 'topic': 'corporate finance', 'source': 'transcript'}; {'quote': 'Our long-standing relationships with financial sponsors have supported solid growth with attractive returns all while maintaining disciplined risk management.', 'topic': 'sponsor finance', 'source': 'transcript'}; {'quote': 'Criticized assets and non-accrual loan exposures were 10% and 1% of the total portfolio, near historically low levels.', 'topic': 'credit risk management', 'source': 'transcript'}","Transcript language leans expansionary (117 expansion signals vs 2 pullback signals), suggesting continued or growing involvement.",,Discover Financial Services's NBFI loan ratio of 0.00% indicates minimal direct NBFI lending exposure. Sentiment 'neutral' derived from NLP disclosure signal ('none') across 0 anomaly flags. QoQ direction: expanding (+0.0%).,1
EWBC,East West Bancorp,2,low,neutral,commercial real estate exposure; credit risk management; loan portfolio growth; BDC / NBFI exposure; fund finance; specialty finance lending,"East West Bancorp has limited direct private credit exposure, with some activity in commercial real estate exposure, credit risk management, loan portfolio growth, BDC / NBFI exposure, fund finance. The bank's NBFI lending ratio is below the peer median.",Key risk signals identified for East West Bancorp: concentration risk in non-bank lending; significant deviation from peer group norms. The anomaly engine flagged 2 signals across 2 categories.,"{'quote': 'Just looking at Slide nine, the linked quarter reduction in multifamily criticized loans and then kind of linked quarter increase in commercial real estate non-performers.', 'topic': 'credit risk management', 'source': 'transcript'}; {'quote': 'The link order reduction in criticized multifamily versus the quarter on quarter step up in commercial real estate non-performers?', 'topic': 'credit risk management', 'source': 'transcript'}; {'quote': 'For CRE, the changes that we have seen as far as the criticized level there excluding multifamily as well, Overall, I would say that there are inflows and outflows that happen there generally speaking.', 'topic': 'credit risk management', 'source': 'transcript'}; {'quote': 'And then on the criticized migration in non-multifamily CRE.', 'topic': 'credit risk management', 'source': 'transcript'}; {'quote': 'And then just on the uptick in criticized commercial real estate ex multifamily, I think it went from 3.08% to 3.76%.', 'topic': 'credit risk management', 'source': 'transcript'}","Transcript language leans expansionary (126 expansion signals vs 2 pullback signals), suggesting continued or growing involvement.",,East West Bancorp's NBFI loan ratio of 5.9% reflects moderate private credit market participation. Sentiment 'neutral' derived from NLP disclosure signal ('none') across 2 anomaly flags. QoQ direction: contracting (-0.0%).,2
FCNCA,First Citizens BancShares,2,low,neutral,credit risk management; loan portfolio growth; commercial real estate exposure; fund finance; syndication; private credit; middle-market lending; sponsor finance,"First Citizens BancShares has limited direct private credit exposure, with some activity in credit risk management, loan portfolio growth, commercial real estate exposure, fund finance, syndication. The bank's NBFI lending ratio is below the peer median.",Key risk signals identified for First Citizens BancShares: credit quality deterioration in NBFI-related exposures; concentration risk in non-bank lending; shifting disclosure tone around private credit activities. The anomaly engine flagged 4 signals across 3 categories.,"{'quote': 'We earned adjusted net income of $648 million in the fourth quarter or $51.27 per share, which was up $6.65 over the linked quarter, driven mostly by a decline in provision for credit losses due to lower net charge-offs and a higher net provision release related to lower specific reserves on impaired loans, a mix shift to higher credit quality loan portfolios, and improvement in the macroeconomic outlook.', 'topic': 'credit risk management', 'source': 'transcript'}; {'quote': 'Reasonably consistent with prior quarters, approximately half of the net charge-offs were concentrated in the SVB investor-dependent, commercial bank general office, and equipment finance portfolios.', 'topic': 'credit risk management', 'source': 'transcript'}; {'quote': 'One other component to add is when you look at the capital call line and the nature of the loan growth that has come through there, as you get further into that, obviously, a larger portfolio is gonna lead to larger paydowns.', 'topic': 'fund finance', 'source': 'transcript'}; {'quote': 'Credit Trends\n: Net charge-offs decreased to 48 basis points from 51 in Q1 2025 after adjusting for the non-core education loan sale; nonaccrual loans declined 4% sequentially.', 'topic': 'credit risk management', 'source': 'transcript'}; {'quote': 'Allowance for Credit Losses\n: Reduced slightly to 1.59% of loans, with general office portfolio reserve at $3.222 billion (11.8% coverage), reflecting active utilization of reserve as charge-offs occur.', 'topic': 'credit risk management', 'source': 'transcript'}","Transcript language leans expansionary (176 expansion signals vs 8 pullback signals), suggesting continued or growing involvement.",private credit funds,"First Citizens BancShares's NBFI loan ratio of 12.0% is substantially above the industry average, indicating heavy concentration in non-bank lending. Sentiment 'neutral' derived from NLP disclosure signal ('none') across 4 anomaly flags. QoQ direction: contracting (-0.6%).",2
FHN,First Horizon Corporation,3,medium,cautious,loan portfolio growth; credit risk management; commercial real estate exposure; specialty finance lending; asset-based lending; warehouse lending; syndication; BDC / NBFI exposure,"First Horizon Corporation maintains moderate private credit exposure across loan portfolio growth, credit risk management, commercial real estate exposure, specialty finance lending, asset-based lending. The bank's lending profile suggests selective participation in NBFI-related activities relative to its peer group.",Key risk signals identified for First Horizon Corporation: concentration risk in non-bank lending; shifting disclosure tone around private credit activities. The anomaly engine flagged 2 signals across 2 categories.,"{'quote': 'Bryan Jordan framed loan growth prospects as concentrated in regional banking, mortgage warehouse, ABL, and equipment finance, adding, ""There\'s good pipelines in those and good momentum overall in across a lot of businesses,""\nManagement described CRE risk as transitory for multifamily, linked to slower-than-anticipated absorption but not elevated long-term concern.', 'topic': 'asset-based lending', 'source': 'transcript'}; {'quote': 'Just given expectations on the path of criticized and classified, the expected 15 to 25 basis points of net charge-offs, as well as just expectations for mid-single-digit loan growth for the year.', 'topic': 'credit risk management', 'source': 'transcript'}; {'quote': 'CRE (Commercial Real Estate)\n: Banking industry term for commercial property lending, including projects such as multifamily, office, and retail.', 'topic': 'commercial real estate exposure', 'source': 'transcript'}","Transcript language leans expansionary (203 expansion signals vs 6 pullback signals), suggesting continued or growing involvement.",private credit funds,"First Horizon Corporation's NBFI loan ratio of 23.7% is substantially above the industry average, indicating heavy concentration in non-bank lending. Sentiment 'cautious' derived from NLP disclosure signal ('negative') across 2 anomaly flags. QoQ direction: contracting (-0.1%).",3
FITB,Fifth Third Bancorp,5,high,cautious,loan portfolio growth; credit risk management; commercial real estate exposure; middle-market lending; sponsor finance; syndication; competition from non-bank lenders; private credit,"Fifth Third Bancorp shows significant private credit involvement, with key activities spanning loan portfolio growth, credit risk management, commercial real estate exposure, middle-market lending, sponsor finance. The bank's NBFI exposure ratio places it in the upper tier of peers, indicating active participation in non-bank financial institution lending.",Key risk signals identified for Fifth Third Bancorp: credit quality deterioration in NBFI-related exposures; concentration risk in non-bank lending; significant deviation from peer group norms; shifting disclosure tone around private credit activities. The anomaly engine flagged 4 signals across 4 categories.,"{'quote': 'Provision for Credit Losses\n -- $625,000, reflecting improved asset quality trends and net loan growth.', 'topic': 'credit risk management', 'source': 'transcript'}; {'quote': 'Executives outlined continued focus on resolving a handful of significant nonaccrual relationships, while also aiming to expand the commercial and industrial lending pipeline, noting that pipeline mix remains heavily weighted toward residential and commercial real estate loans.', 'topic': 'credit risk management', 'source': 'transcript'}; {'quote': 'Pipeline for future loan growth includes commercial and industrial segments, but residential and commercial real estate loans are still expected to drive near-term activity.', 'topic': 'loan portfolio growth', 'source': 'transcript'}; {'quote': ""Criticized Assets\n: Loans or other assets rated below 'pass' by regulators or internal standards, signaling elevated credit risk but not necessarily impaired."", 'topic': 'credit risk management', 'source': 'transcript'}; {'quote': 'Loan growth supported increased asset yields and net interest income and loan loss provisions decreased as credit continued to stabilize, and we made good progress addressing many of our nonperforming loans and performing criticized loans.', 'topic': 'credit risk management', 'source': 'transcript'}","Transcript language leans expansionary (144 expansion signals vs 0 pullback signals), suggesting continued or growing involvement.",,"Fifth Third Bancorp's NBFI loan ratio of 35.3% is substantially above the industry average, indicating heavy concentration in non-bank lending. Sentiment 'cautious' derived from NLP disclosure signal ('negative') across 4 anomaly flags. QoQ direction: expanding (+1.7%).",5
FLG,Flagstar Financial,2,low,neutral,commercial real estate exposure; credit risk management; loan portfolio growth; BDC / NBFI exposure; private credit; specialty finance lending; competition from non-bank lenders; middle-market lending,"Flagstar Financial has limited direct private credit exposure, with some activity in commercial real estate exposure, credit risk management, loan portfolio growth, BDC / NBFI exposure, private credit. The bank's NBFI lending ratio is below the peer median.",Key risk signals identified for Flagstar Financial: concentration risk in non-bank lending; significant deviation from peer group norms. The anomaly engine flagged 2 signals across 2 categories.,"{'quote': 'Third, we continue to reduce our overall CRE exposure, mostly through par payoffs resulting in an overall $2.3 billion reduction in multifamily and CRE loans and a CRE concentration ratio now falling below 400% and fourth, our credit quality profile continued to improve as nonaccrual loans declined, while we also had a decrease in net charge-offs and the provision for loan losses.', 'topic': 'credit risk management', 'source': 'transcript'}; {'quote': 'NYC regulated multifamily portfolio\n -- $9.2 billion in loans; 53% pass rated, 47% criticized or classified; $1.9 billion of criticized loans are nonaccrual, 16% charged off, with 21% total charge-off and reserve coverage.', 'topic': 'credit risk management', 'source': 'transcript'}; {'quote': 'On the credit side, quarter-over-quarter, we saw a reduction in criticized and classified loans of $330 million, including a reduction in nonaccruals of $267 million, while net charge-offs declined $26 million, and the provision decreased $35 million.', 'topic': 'credit risk management', 'source': 'transcript'}","Transcript language leans expansionary (121 expansion signals vs 6 pullback signals), suggesting continued or growing involvement.",,Flagstar Financial's NBFI loan ratio of 8.0% reflects moderate private credit market participation. Sentiment 'neutral' derived from NLP disclosure signal ('none') across 2 anomaly flags. QoQ direction: contracting (-0.1%).,2
FNB,F.N.B. Corporation,3,low,neutral,credit risk management; loan portfolio growth; commercial real estate exposure; syndication; middle-market lending; specialty finance lending; direct lending; private credit,"F.N.B. Corporation maintains moderate private credit exposure across credit risk management, loan portfolio growth, commercial real estate exposure, syndication, middle-market lending. The bank's lending profile suggests selective participation in NBFI-related activities relative to its peer group.",Key risk signals identified for F.N.B. Corporation: concentration risk in non-bank lending. The anomaly engine flagged 1 signals across 1 categories.,"{'quote': 'Credit metrics\n -- Total delinquency at 0.83%, up 4 basis points linked quarter; NPLs/OREO at 0.48%, up 9 basis points; net charge-offs were 0.24% for the quarter and 0.19% for the year; criticized loans down 27 basis points sequentially.', 'topic': 'credit risk management', 'source': 'transcript'}; {'quote': 'Total funded provision expense for the quarter stood at $23.2 million supporting loan growth and covering charge-offs.', 'topic': 'credit risk management', 'source': 'transcript'}; {'quote': ""As part of this proactive approach to managing credit risk, we've reduced the non-owner CRE portfolio exposure by approximately $300 million in the quarter, ending the year at 220% of total risk-based capital."", 'topic': 'credit risk management', 'source': 'transcript'}; {'quote': 'Commercial loans and leases were essentially flat reflecting reduced line of credit utilization, scheduled reductions in CRE to the permanent market, and lower capital investment levels somewhat offset by strong production in equipment finance and renewable energy project financing.', 'topic': 'commercial real estate exposure', 'source': 'transcript'}; {'quote': 'In terms of CRE, during the year, just from a total non-owner occupied CRE standpoint, the quarter I mentioned in my remarks, we were down $300 million just in that quarter.', 'topic': 'commercial real estate exposure', 'source': 'transcript'}","Transcript language leans expansionary (206 expansion signals vs 4 pullback signals), suggesting continued or growing involvement.",private credit funds,"F.N.B. Corporation's NBFI loan ratio of 19.5% is substantially above the industry average, indicating heavy concentration in non-bank lending. Sentiment 'neutral' derived from NLP disclosure signal ('none') across 1 anomaly flags. QoQ direction: expanding (+0.1%).",3
GS,The Goldman Sachs Group,5,high,positive,sponsor finance; credit risk management; leveraged lending; BDC / NBFI exposure; private credit; loan portfolio growth; corporate finance,"The Goldman Sachs Group shows significant private credit involvement, with key activities spanning sponsor finance, credit risk management, leveraged lending, BDC / NBFI exposure, private credit. The bank's NBFI exposure ratio places it in the upper tier of peers, indicating active participation in non-bank financial institution lending.",Key risk signals identified for The Goldman Sachs Group: concentration risk in non-bank lending. The anomaly engine flagged 1 signals across 1 categories.,"{'quote': 'Our provision for credit losses of $384 million primarily reflects charge-offs in our credit card portfolio, as well as modest levels of growth across both the card and wholesale portfolios.', 'topic': 'credit risk management', 'source': 'transcript'}; {'quote': 'Investment Banking Fees\n -- $2.6 billion in the quarter, up 25% year over year; maintained number one ranking in M&A advisory and leveraged lending for 2025.', 'topic': 'leveraged lending', 'source': 'transcript'}; {'quote': 'Our outlook is supported by a number of catalysts: corporate focus on strategically positioning scale and innovation, the tremendous public and private capital fueling growth in AI, as well as a strong pickup in sponsor activity.', 'topic': 'sponsor finance', 'source': 'transcript'}; {'quote': ""Given our best-in-class sponsor franchise, we're especially well-positioned to help sponsors deploy the $1 trillion of dry powder they hold and monetize the roughly $4 trillion of value across their portfolio companies."", 'topic': 'sponsor finance', 'source': 'transcript'}; {'quote': 'For 2025, we maintained our number one in the league tables for announced and completed M&A, and also ranked first in leveraged lending.', 'topic': 'leveraged lending', 'source': 'transcript'}","Transcript language leans expansionary (169 expansion signals vs 6 pullback signals), suggesting continued or growing involvement.",,"The Goldman Sachs Group's NBFI loan ratio of 67.2% is substantially above the industry average, indicating heavy concentration in non-bank lending. Sentiment 'positive' derived from NLP disclosure signal ('none') across 1 anomaly flags. QoQ direction: contracting (-5.7%).",5
HBAN,Huntington Bancshares,3,low,neutral,loan portfolio growth; credit risk management; commercial real estate exposure; middle-market lending; syndication; specialty finance lending; fund finance; asset-based lending,"Huntington Bancshares maintains moderate private credit exposure across loan portfolio growth, credit risk management, commercial real estate exposure, middle-market lending, syndication. The bank's lending profile suggests selective participation in NBFI-related activities relative to its peer group.",Key risk signals identified for Huntington Bancshares: concentration risk in non-bank lending; valuation uncertainty in private credit holdings. The anomaly engine flagged 2 signals across 2 categories.,"{'quote': 'Credit quality\n -- Net charge-offs at 24 basis points; criticized asset ratio rose to 4.2% due to Veritex commercial real estate, remaining within historical norms.', 'topic': 'credit risk management', 'source': 'transcript'}; {'quote': 'Credit quality metrics\n -- Net charge-offs were 22 basis points for fiscal third quarter 2025, allowance for credit losses at 1.86% for fiscal third quarter 2025, criticized asset ratio was 3.79% for fiscal third quarter 2025, and the nonperforming asset ratio declined three basis points sequentially.', 'topic': 'credit risk management', 'source': 'transcript'}; {'quote': 'Email pr@fool.com\nRisks\nCriticized asset ratio increased to 4.2%, primarily from Veritex commercial real estate loans, though management stated it remains within historical range.', 'topic': 'credit risk management', 'source': 'transcript'}; {'quote': 'Criticized asset ratio\n: The proportion of loans and leases identified as substandard, doubtful, or loss, used as an early indicator of credit risk trends.', 'topic': 'credit risk management', 'source': 'transcript'}; {'quote': 'We also have a leading national commercial bank, which includes the fifth-largest equipment finance lender in the nation, 15 unique specialty finance verticals, as well as an expanding set of capital markets capabilities.', 'topic': 'specialty finance lending', 'source': 'transcript'}","Transcript language leans expansionary (260 expansion signals vs 7 pullback signals), suggesting continued or growing involvement.",private credit funds,"Huntington Bancshares's NBFI loan ratio of 19.4% is substantially above the industry average, indicating heavy concentration in non-bank lending. Sentiment 'neutral' derived from NLP disclosure signal ('none') across 2 anomaly flags. QoQ direction: contracting (-0.6%).",3
JPM,JPMorgan Chase & Co.,4,medium,cautious,credit risk management; loan portfolio growth; private credit; direct lending; middle-market lending; syndication; commercial real estate exposure; sponsor finance,"JPMorgan Chase & Co. shows significant private credit involvement, with key activities spanning credit risk management, loan portfolio growth, private credit, direct lending, middle-market lending. The bank's NBFI exposure ratio places it in the upper tier of peers, indicating active participation in non-bank financial institution lending.",Key risk signals identified for JPMorgan Chase & Co.: concentration risk in non-bank lending; valuation uncertainty in private credit holdings. The anomaly engine flagged 2 signals across 2 categories.,"{'quote': ""So the whole, you know, direct lending initiative and the realization that in many cases, what sponsors want is, like, a quick execution of a unitranche structure where they don't have to negotiate with a syndicate."", 'topic': 'direct lending', 'source': 'transcript'}; {'quote': 'We provide not just lending, and that could be leveraged lending, direct lending, but payment services, custody services, asset management services, FX services.', 'topic': 'direct lending', 'source': 'transcript'}; {'quote': 'ABL facility\n: An asset-based lending line used for corporate liquidity, with borrowing capacity determined by the collateral value of company assets.', 'topic': 'asset-based lending', 'source': 'transcript'}; {'quote': 'In multifamily, while we are seeing encouraging signs in loan originations as long-term rates fall, we expect overall growth to remain muted in the near term as originations are offset by payoff activity.', 'topic': 'loan portfolio growth', 'source': 'transcript'}; {'quote': 'Therefore, when a client comes in, we will offer them both direct lending on ourselves and syndicated lending or other specialized kind of lending.', 'topic': 'direct lending', 'source': 'transcript'}","Transcript language leans expansionary (266 expansion signals vs 1 pullback signals), suggesting continued or growing involvement.",private credit funds,"JPMorgan Chase & Co.'s NBFI loan ratio of 27.1% is substantially above the industry average, indicating heavy concentration in non-bank lending. Sentiment 'cautious' derived from NLP disclosure signal ('none') across 2 anomaly flags. QoQ direction: contracting (-1.0%).",4
KEY,KeyCorp,5,high,positive,leveraged lending; sponsor finance; valuation marks; peer deviation; exposure,"KeyCorp shows significant private credit involvement, with key activities spanning leveraged lending, sponsor finance, valuation marks, peer deviation, exposure. The bank's NBFI exposure ratio places it in the upper tier of peers, indicating active participation in non-bank financial institution lending.",Key risk signals identified for KeyCorp: concentration risk in non-bank lending; significant deviation from peer group norms; valuation uncertainty in private credit holdings. The anomaly engine flagged 3 signals across 3 categories.,"{'quote': 'PBM\n: Pharmacy Benefit Manager; intermediaries that negotiate prescription drug access and pricing on behalf of insurers and plan sponsors.', 'topic': 'sponsor finance', 'source': 'transcript'}; {'quote': 'And while we see we ran a lot with adjuvant as seen in our CDP program that allow us to go from 3 to 2, and we have a toolbox of new adjuvants, where it really will be necessary or not, it’s too early to tell, but I acknowledge your good skills in the vaccine technology, and we keep you updated as we get closer to selecting candidates.', 'topic': 'leveraged lending', 'source': 'transcript'}","Transcript language leans expansionary (179 expansion signals vs 2 pullback signals), suggesting continued or growing involvement.",,"KeyCorp's NBFI loan ratio of 35.7% is substantially above the industry average, indicating heavy concentration in non-bank lending. Sentiment 'positive' derived from NLP disclosure signal ('none') across 3 anomaly flags. QoQ direction: contracting (-2.7%).",5
MS,Morgan Stanley,5,high,positive,sponsor finance; private credit; loan portfolio growth; corporate finance; BDC / NBFI exposure; credit risk management; commercial real estate exposure,"Morgan Stanley shows significant private credit involvement, with key activities spanning sponsor finance, private credit, loan portfolio growth, corporate finance, BDC / NBFI exposure. The bank's NBFI exposure ratio places it in the upper tier of peers, indicating active participation in non-bank financial institution lending.",Key risk signals identified for Morgan Stanley: credit quality deterioration in NBFI-related exposures; concentration risk in non-bank lending; significant deviation from peer group norms. The anomaly engine flagged 3 signals across 3 categories.,"{'quote': 'Net charge-offs were $19 million, primarily related to several commercial real estate loans, which were largely provisioned for in previous quarters.', 'topic': 'credit risk management', 'source': 'transcript'}; {'quote': 'And that will not so much dollar for dollar take share back from the private lending group because I think the private credit product has found its place.', 'topic': 'private credit', 'source': 'transcript'}; {'quote': 'Net Interest Income (NII)\n -- $2.1 billion for the quarter; guidance for the next quarter is for flat NII, with a potential upward trend through 2026 if current deposit mixes and loan growth persist.', 'topic': 'loan portfolio growth', 'source': 'transcript'}; {'quote': 'Performance Fees (Investment Management)\n -- $71 million in the quarter, with PE and private credit gains offsetting infrastructure fund markdowns.', 'topic': 'private credit', 'source': 'transcript'}; {'quote': 'Strategic activity is accelerating, Companies and sponsors are looking to access capital for growth investments.', 'topic': 'sponsor finance', 'source': 'transcript'}","Transcript language leans expansionary (200 expansion signals vs 2 pullback signals), suggesting continued or growing involvement.",,"Morgan Stanley's NBFI loan ratio of 71.5% is substantially above the industry average, indicating heavy concentration in non-bank lending. Sentiment 'positive' derived from NLP disclosure signal ('none') across 3 anomaly flags. QoQ direction: expanding (+4.0%).",5
MTB,M&T Bank Corporation,2,low,neutral,credit risk management; commercial real estate exposure; loan portfolio growth; leveraged lending; middle-market lending; syndication; specialty finance lending; sponsor finance,"M&T Bank Corporation has limited direct private credit exposure, with some activity in credit risk management, commercial real estate exposure, loan portfolio growth, leveraged lending, middle-market lending. The bank's NBFI lending ratio is below the peer median.",Key risk signals identified for M&T Bank Corporation: credit quality deterioration in NBFI-related exposures; concentration risk in non-bank lending. The anomaly engine flagged 3 signals across 2 categories.,"{'quote': 'The non-accrual ratio decreased 20 basis points to 90 basis points, driven largely by payoffs and charge-offs of the commercial NCRE non-accrual loans.', 'topic': 'credit risk management', 'source': 'transcript'}; {'quote': 'Criticized Loan Balances\n -- Decreased 27% year over year; CRE criticized loans fell by $429 million in the recent quarter.', 'topic': 'credit risk management', 'source': 'transcript'}; {'quote': '2026 Guidance: Provision for Credit\n -- Full-year charge-offs expected near 40 basis points.', 'topic': 'credit risk management', 'source': 'transcript'}; {'quote': 'CRE loan growth is expected to turn positive point-to-point by the second quarter, with all three CRE business segments described as ""performing at top levels"" by CFO Bible.', 'topic': 'loan portfolio growth', 'source': 'transcript'}; {'quote': 'In the fourth quarter, we reported a provision for credit losses of $125 million compared to net charge-offs of $185 million.', 'topic': 'credit risk management', 'source': 'transcript'}","Transcript language leans expansionary (202 expansion signals vs 3 pullback signals), suggesting continued or growing involvement.",,"M&T Bank Corporation's NBFI loan ratio of 15.1% is substantially above the industry average, indicating heavy concentration in non-bank lending. Sentiment 'neutral' derived from NLP disclosure signal ('none') across 3 anomaly flags. QoQ direction: contracting (-0.3%).",2
NTRS,Northern Trust Corporation,4,medium,positive,credit risk management; middle-market lending; private credit; loan portfolio growth,"Northern Trust Corporation shows significant private credit involvement, with key activities spanning credit risk management, middle-market lending, private credit, loan portfolio growth. The bank's NBFI exposure ratio places it in the upper tier of peers, indicating active participation in non-bank financial institution lending.",Key risk signals identified for Northern Trust Corporation: concentration risk in non-bank lending. The anomaly engine flagged 1 signals across 1 categories.,"{'quote': 'Email pr@fool.com\nRISKS\nChief Financial Officer Fox stated, The provision for credit losses increased to $16.5 million in Q2 2025, primarily due to higher reserves associated with a small number of nonperforming loans, and noted that more than two-thirds of the $16.5 million provision was allocated to the Wealth Management segment.', 'topic': 'credit risk management', 'source': 'transcript'}; {'quote': 'Provision for Credit Losses\n: $16.5 million, with management expecting a return to more normalized levels ahead.', 'topic': 'credit risk management', 'source': 'transcript'}; {'quote': 'Recent examples such as a $1.25 billion private credit mandate for a multinational corporate pension and one for a family office from the Middle East highlight our ability to deliver bespoke solutions at scale.', 'topic': 'private credit', 'source': 'transcript'}; {'quote': 'Overall, our credit quality remains very strong, with all key credit metrics in line with historical standards.', 'topic': 'credit risk management', 'source': 'transcript'}; {'quote': 'The provision for credit losses increased to $16.5 million in the second quarter, largely reflecting an increase in reserves with a small number of nonperforming loans.', 'topic': 'credit risk management', 'source': 'transcript'}","Transcript language leans expansionary (128 expansion signals vs 1 pullback signals), suggesting continued or growing involvement.",,"Northern Trust Corporation's NBFI loan ratio of 33.0% is substantially above the industry average, indicating heavy concentration in non-bank lending. Sentiment 'positive' derived from NLP disclosure signal ('none') across 1 anomaly flags. QoQ direction: expanding (+0.2%).",4
ONB,Old National Bancorp,3,low,neutral,credit risk management; loan portfolio growth; commercial real estate exposure; middle-market lending; sponsor finance; direct lending; leveraged lending; specialty finance lending,"Old National Bancorp maintains moderate private credit exposure across credit risk management, loan portfolio growth, commercial real estate exposure, middle-market lending, sponsor finance. The bank's lending profile suggests selective participation in NBFI-related activities relative to its peer group.",Key risk signals identified for Old National Bancorp: credit quality deterioration in NBFI-related exposures; concentration risk in non-bank lending. The anomaly engine flagged 2 signals across 2 categories.,"{'quote': 'Management indicated ongoing confidence in credit quality, noting a marked reduction in classified and criticized assets, and highlighted successful deposit retention strategies supporting core loan growth.', 'topic': 'credit risk management', 'source': 'transcript'}; {'quote': 'Credit remained benign with a reduction in legacy criticized and classified loans and normalized levels of charge-offs.', 'topic': 'credit risk management', 'source': 'transcript'}; {'quote': 'In addition, roughly 60% of our non-accrual loans are paying principal and interest or interest only, and approximately half of our classified and criticized assets are in commercial real estate.', 'topic': 'credit risk management', 'source': 'transcript'}; {'quote': 'CRE Loans Originally Planned for Sale\n: $2.4 billion in commercial real estate loans were retained, as higher capital levels provided post-Bremer flexibility.', 'topic': 'commercial real estate exposure', 'source': 'transcript'}; {'quote': 'We made meaningful progress in portfolio management by reducing legacy criticized and classified assets by 9% and improving our allowance for credit losses by 8 basis points to 1.24%.', 'topic': 'credit risk management', 'source': 'transcript'}","Transcript language leans expansionary (218 expansion signals vs 5 pullback signals), suggesting continued or growing involvement.",,"Old National Bancorp's NBFI loan ratio of 16.7% is substantially above the industry average, indicating heavy concentration in non-bank lending. Sentiment 'neutral' derived from NLP disclosure signal ('none') across 2 anomaly flags. QoQ direction: expanding (+1.2%).",3
PB,Prosperity Bancshares,2,low,positive,credit risk management; loan portfolio growth; middle-market lending; commercial real estate exposure; corporate finance; sponsor finance; leveraged lending; private credit,"Prosperity Bancshares has limited direct private credit exposure, with some activity in credit risk management, loan portfolio growth, middle-market lending, commercial real estate exposure, corporate finance. The bank's NBFI lending ratio is below the peer median.",Key risk signals identified for Prosperity Bancshares: concentration risk in non-bank lending; significant deviation from peer group norms; shifting disclosure tone around private credit activities. The anomaly engine flagged 3 signals across 3 categories.,"{'quote': 'The allowance for credit losses increased by $7 million, driven by higher reserves from portfolio growth and less favorable economic assumptions, offset in part by revised probability weights and changes in credit quality.', 'topic': 'credit risk management', 'source': 'transcript'}; {'quote': 'We are seeing faster cycle times, higher banker productivity, a more seamless customer journey, and loan growth in our small and middle market segments.', 'topic': 'middle-market lending', 'source': 'transcript'}; {'quote': 'Credit quality metrics remained stable during the fourth quarter, with lower NPLs and lower net charge-offs.', 'topic': 'credit risk management', 'source': 'transcript'}; {'quote': 'Substantial improvements in credit quality led to lower net charge-offs and a downward revision to full-year loss guidance, supporting the company’s outlook for sustained profitability expansion.', 'topic': 'credit risk management', 'source': 'transcript'}; {'quote': 'Credit quality metrics improved during the second quarter with lower NPLs, lower inflows, and lower net charge-offs.', 'topic': 'credit risk management', 'source': 'transcript'}","Transcript language leans expansionary (166 expansion signals vs 2 pullback signals), suggesting continued or growing involvement.",private credit funds,Prosperity Bancshares's NBFI loan ratio of 8.4% reflects moderate private credit market participation. Sentiment 'positive' derived from NLP disclosure signal ('positive') across 3 anomaly flags. QoQ direction: contracting (-0.1%).,2
PNC,The PNC Financial Services Group,5,high,positive,loan portfolio growth; credit risk management; commercial real estate exposure; middle-market lending; syndication; specialty finance lending; direct lending; asset-based lending,"The PNC Financial Services Group shows significant private credit involvement, with key activities spanning loan portfolio growth, credit risk management, commercial real estate exposure, middle-market lending, syndication. The bank's NBFI exposure ratio places it in the upper tier of peers, indicating active participation in non-bank financial institution lending.",Key risk signals identified for The PNC Financial Services Group: credit quality deterioration in NBFI-related exposures; concentration risk in non-bank lending; significant deviation from peer group norms. The anomaly engine flagged 3 signals across 3 categories.,"{'quote': ""Inside the capital markets space, in particular, investments in places we have grown through the years are in we've had derivatives and syndicate loan syndications and FX forever, and it grows that grows with our client base."", 'topic': 'syndication', 'source': 'transcript'}; {'quote': 'Rob Reilly stated, ""credit quality remains strong with improvements in non-performing loans, delinquencies, and charge-offs.""\nGuidance for net charge-offs in Q3 2025 has been lowered, but management cautioned about a ""pipeline of charge-offs related to commercial real estate office that we know is gonna pull through,"" which is fully reserved.', 'topic': 'credit risk management', 'source': 'transcript'}; {'quote': 'William Demchak: I mean, just quickly, the movement from — particularly in office CRE, right, from criticized to nonperforming-related reserving and charge-offs is all going as we’ve expected.', 'topic': 'credit risk management', 'source': 'transcript'}; {'quote': ""So when people are doing loans and deals, there's there's derivatives, there's bond issuance, there's loan syndication, and so on and so forth."", 'topic': 'syndication', 'source': 'transcript'}; {'quote': 'Loan Growth\n -- Period-end loans increased 3% annualized compared to the prior quarter, with equipment finance rising 21% annualized and C&I loans up 2% annualized.', 'topic': 'loan portfolio growth', 'source': 'transcript'}","Transcript language leans expansionary (176 expansion signals vs 5 pullback signals), suggesting continued or growing involvement.",,"The PNC Financial Services Group's NBFI loan ratio of 43.7% is substantially above the industry average, indicating heavy concentration in non-bank lending. Sentiment 'positive' derived from NLP disclosure signal ('none') across 3 anomaly flags. QoQ direction: expanding (+1.7%).",5
PNFP,Pinnacle Financial Partners,4,medium,positive,loan portfolio growth; credit risk management; commercial real estate exposure; specialty finance lending; middle-market lending; syndication; leveraged lending; sponsor finance,"Pinnacle Financial Partners shows significant private credit involvement, with key activities spanning loan portfolio growth, credit risk management, commercial real estate exposure, specialty finance lending, middle-market lending. The bank's NBFI exposure ratio places it in the upper tier of peers, indicating active participation in non-bank financial institution lending.",Key risk signals identified for Pinnacle Financial Partners: concentration risk in non-bank lending. The anomaly engine flagged 1 signals across 1 categories.,"{'quote': 'Rob Reilly stated, ""credit quality remains strong with improvements in non-performing loans, delinquencies, and charge-offs.""\nGuidance for net charge-offs in Q3 2025 has been lowered, but management cautioned about a ""pipeline of charge-offs related to commercial real estate office that we know is gonna pull through,"" which is fully reserved.', 'topic': 'credit risk management', 'source': 'transcript'}; {'quote': 'Credit Metrics\n -- Pinnacle net charge-offs were $27 million, or 28 bps, with 63% attributed to a single non-owner occupied CRE loan; Synovus net charge-offs were $24 million, or 22 bps.', 'topic': 'credit risk management', 'source': 'transcript'}; {'quote': 'Specialty verticals, including equipment finance and wealth management, are projected to contribute significantly to revenue and loan growth in the newly combined footprint.', 'topic': 'loan portfolio growth', 'source': 'transcript'}; {'quote': 'CRE (Commercial Real Estate)\n: Loans and lending activity backed by non-residential property assets.', 'topic': 'commercial real estate exposure', 'source': 'transcript'}; {'quote': 'Overall, credit quality remains strong with improvements in non-performing loans, delinquencies, and charge-offs.', 'topic': 'credit risk management', 'source': 'transcript'}","Transcript language leans expansionary (246 expansion signals vs 1 pullback signals), suggesting continued or growing involvement.",,"Pinnacle Financial Partners's NBFI loan ratio of 31.9% is substantially above the industry average, indicating heavy concentration in non-bank lending. Sentiment 'positive' derived from NLP disclosure signal ('none') across 1 anomaly flags. QoQ direction: expanding (+0.2%).",4
RF,Regions Financial Corporation,4,medium,positive,credit risk management; loan portfolio growth; commercial real estate exposure; middle-market lending; private credit; asset-based lending; fund finance; syndication,"Regions Financial Corporation shows significant private credit involvement, with key activities spanning credit risk management, loan portfolio growth, commercial real estate exposure, middle-market lending, private credit. The bank's NBFI exposure ratio places it in the upper tier of peers, indicating active participation in non-bank financial institution lending.",Key risk signals identified for Regions Financial Corporation: concentration risk in non-bank lending. The anomaly engine flagged 1 signals across 1 categories.,"{'quote': 'Credit Quality Metrics\n: Allowance for credit losses at 1.80% of loans; annualized net charge-offs fell 5 basis points to 47 basis points.', 'topic': 'credit risk management', 'source': 'transcript'}; {'quote': ""We're experiencing growth in our energy portfolio and asset-based lending and some in the manufacturing sector, within our structured finance portfolio, also all areas where we're seeing some nice growth in our REIT business, and we have previously committed to some multifamily projects that are continuing to fund up, which is a catalyst for growth."", 'topic': 'asset-based lending', 'source': 'transcript'}; {'quote': 'Regarding asset quality, provision expense was approximately equal to net charge-offs at $120 million, and the resulting allowance for credit loss ratio remained unchanged at 1.79%.', 'topic': 'credit risk management', 'source': 'transcript'}; {'quote': 'Provision expense was $4 million less than net charge-offs at $113 million and the resulting allowance for credit loss ratio increased one basis point to 1.79%.', 'topic': 'credit risk management', 'source': 'transcript'}; {'quote': ""We've seen some growth in middle market commercial and our energy portfolio and asset-based lending."", 'topic': 'middle-market lending', 'source': 'transcript'}","Transcript language leans expansionary (123 expansion signals vs 2 pullback signals), suggesting continued or growing involvement.",,"Regions Financial Corporation's NBFI loan ratio of 29.4% is substantially above the industry average, indicating heavy concentration in non-bank lending. Sentiment 'positive' derived from NLP disclosure signal ('none') across 1 anomaly flags. QoQ direction: expanding (+0.3%).",4
RJF,Raymond James Financial,1,low,neutral,sponsor finance; credit risk management; loan portfolio growth; fund finance; asset-based lending; private credit,Raymond James Financial has minimal private credit involvement. Disclosure language and Call Report data suggest the bank focuses primarily on traditional lending rather than NBFI-oriented activities.,Key risk signals identified for Raymond James Financial: concentration risk in non-bank lending. The anomaly engine flagged 1 signals across 1 categories.,"{'quote': 'Due to reserve releases and loan growth during the quarter, the bank loan allowance for credit losses as a percent of total loans declined from 1.5% to 1.34% of the quarter end.', 'topic': 'credit risk management', 'source': 'transcript'}; {'quote': 'Our integrated savings program is already driving meaningful savings for consumers and plan sponsors and we believe there is an opportunity to expand its reach and impact.', 'topic': 'sponsor finance', 'source': 'transcript'}; {'quote': 'Pension risk transfer (PRT)\n: A transaction where an insurer or reinsurer assumes pension liabilities, often via annuities, from a corporate pension plan sponsor.', 'topic': 'sponsor finance', 'source': 'transcript'}; {'quote': ""And I guess what I wonder is with the asset-intensive business, kind of a critical part of your growth, I wonder and with, you know, a lot of the competitors for those types of deals, seemingly having, we'll call it, pretty enhanced alternative strategies, whether it's private credit or other things."", 'topic': 'private credit', 'source': 'transcript'}; {'quote': ""And I think that's informed a little bit in some of the non-subscription line item guidance we gave on the '26 front."", 'topic': 'fund finance', 'source': 'transcript'}","Transcript language leans expansionary (94 expansion signals vs 0 pullback signals), suggesting continued or growing involvement.",,Raymond James Financial's NBFI loan ratio of 2.5% reflects moderate private credit market participation. Sentiment 'neutral' derived from NLP disclosure signal ('none') across 1 anomaly flags. QoQ direction: contracting (-0.2%).,1
SCHW,The Charles Schwab Corporation,1,low,neutral,credit risk management; loan portfolio growth; syndication; commercial real estate exposure,The Charles Schwab Corporation has minimal private credit involvement. Disclosure language and Call Report data suggest the bank focuses primarily on traditional lending rather than NBFI-oriented activities.,Key risk signals identified for The Charles Schwab Corporation: concentration risk in non-bank lending; significant deviation from peer group norms. The anomaly engine flagged 2 signals across 2 categories.,"{'quote': 'Asset Quality Metrics\n -- Net credit costs were $8.4 million, down $5.9 million from last quarter; net charge-offs at 30 basis points (21 basis points excluding Newlane); delinquencies declined 34%, and non-performing assets dropped over 30% to 35 basis points, now at or below the lowest levels in the past year.', 'topic': 'credit risk management', 'source': 'transcript'}; {'quote': 'Management maintained guidance for low single-digit annual commercial loan growth despite problem loan payoffs and runoff activity.', 'topic': 'loan portfolio growth', 'source': 'transcript'}; {'quote': 'Net Charge-Offs\n: Loan balances written off as uncollectible, net of recoveries, expressed as a percentage of average loans.', 'topic': 'credit risk management', 'source': 'transcript'}; {'quote': 'Importantly, our commercial pipeline remains strong across both C&I and commercial real estate, increasing to approximately $300 million.', 'topic': 'commercial real estate exposure', 'source': 'transcript'}; {'quote': 'Net charge-offs were 30 basis points for the quarter and 21 basis points when excluding Newlane.', 'topic': 'credit risk management', 'source': 'transcript'}","Transcript language leans expansionary (84 expansion signals vs 8 pullback signals), suggesting continued or growing involvement.",,The Charles Schwab Corporation's NBFI loan ratio of 0.00% indicates minimal direct NBFI lending exposure. Sentiment 'neutral' derived from NLP disclosure signal ('none') across 2 anomaly flags. QoQ direction: expanding (+0.0%).,1
SF,Stifel Financial Corp.,3,low,neutral,loan portfolio growth; sponsor finance; middle-market lending; syndication; credit risk management; private credit,"Stifel Financial Corp. maintains moderate private credit exposure across loan portfolio growth, sponsor finance, middle-market lending, syndication, credit risk management. The bank's lending profile suggests selective participation in NBFI-related activities relative to its peer group.",Key risk signals identified for Stifel Financial Corp.: concentration risk in non-bank lending. The anomaly engine flagged 1 signals across 1 categories.,"{'quote': 'Bookrunner (""lead left"")\n: The firm leading placement and distribution in a syndicated capital markets deal, typically named in the primary (leftmost) position on investor materials.', 'topic': 'syndication', 'source': 'transcript'}; {'quote': 'As a result, we enter 2026 with significant capacity to support wealth-related and institutional client-driven balance sheet growth while maintaining a conservative credit risk profile.', 'topic': 'credit risk management', 'source': 'transcript'}; {'quote': 'Sponsor activity is really not all the way back but is noticeably improving.', 'topic': 'sponsor finance', 'source': 'transcript'}; {'quote': ""You know, we still there's still a runway for significant growth related to sponsor activity if markets hold up through the remainder of 2026."", 'topic': 'sponsor finance', 'source': 'transcript'}; {'quote': 'All of those things speak to the fact that we are really achieving our goal, which is to be a premier wealth management and middle market, if you will, investment banking firm.', 'topic': 'middle-market lending', 'source': 'transcript'}","Transcript language leans expansionary (123 expansion signals vs 1 pullback signals), suggesting continued or growing involvement.",private credit funds,"Stifel Financial Corp.'s NBFI loan ratio of 20.3% is substantially above the industry average, indicating heavy concentration in non-bank lending. Sentiment 'neutral' derived from NLP disclosure signal ('none') across 1 anomaly flags. QoQ direction: contracting (-37.3%).",3
SNV,Synovus Financial Corp.,3,medium,neutral,loan portfolio growth; credit risk management; commercial real estate exposure; middle-market lending; sponsor finance; syndication; specialty finance lending; asset-based lending,"Synovus Financial Corp. maintains moderate private credit exposure across loan portfolio growth, credit risk management, commercial real estate exposure, middle-market lending, sponsor finance. The bank's lending profile suggests selective participation in NBFI-related activities relative to its peer group.",Key risk signals identified for Synovus Financial Corp.: credit quality deterioration in NBFI-related exposures; concentration risk in non-bank lending. The anomaly engine flagged 2 signals across 2 categories.,"{'quote': 'The vast majority of the loan growth should continue to come from our middle market, corporate and investment banking and specialty lending loans.', 'topic': 'middle-market lending', 'source': 'transcript'}; {'quote': 'Samuel Varga: Jamie, I wanted to ask about the — particularly part of your loan growth middle market, CIB and specialty lending.', 'topic': 'middle-market lending', 'source': 'transcript'}; {'quote': 'As previously mentioned, we generated healthy and consistent loan growth in our high-priority commercial business lines, including middle-market, corporate and investment banking, and specialty lending, with these categories up 11% annualized.', 'topic': 'middle-market lending', 'source': 'transcript'}; {'quote': 'Credit Metrics\n -- Pinnacle net charge-offs were $27 million, or 28 bps, with 63% attributed to a single non-owner occupied CRE loan; Synovus net charge-offs were $24 million, or 22 bps.', 'topic': 'credit risk management', 'source': 'transcript'}; {'quote': 'Specialty verticals, including equipment finance and wealth management, are projected to contribute significantly to revenue and loan growth in the newly combined footprint.', 'topic': 'loan portfolio growth', 'source': 'transcript'}","Transcript language leans expansionary (158 expansion signals vs 1 pullback signals), suggesting continued or growing involvement.",,"Synovus Financial Corp.'s NBFI loan ratio of 22.8% is substantially above the industry average, indicating heavy concentration in non-bank lending. Sentiment 'neutral' derived from NLP disclosure signal ('none') across 2 anomaly flags. QoQ direction: expanding (+1.9%).",3
SOFI,SoFi Technologies,1,low,neutral,loan portfolio growth; credit risk management; private credit; senior secured loans; sponsor finance; warehouse lending; corporate finance; syndication,SoFi Technologies has minimal private credit involvement. Disclosure language and Call Report data suggest the bank focuses primarily on traditional lending rather than NBFI-oriented activities.,Key risk signals identified for SoFi Technologies: concentration risk in non-bank lending; significant deviation from peer group norms. The anomaly engine flagged 2 signals across 2 categories.,"{'quote': 'This partnership positions us with another solution for debt financing for our clients and it allows us to engage in private credit with the same depths and expertise as we currently do with syndicated debt markets.', 'topic': 'syndication', 'source': 'transcript'}; {'quote': ""And this platform enhances corporate and sponsor clients' access to the private lending capital pool at real scale."", 'topic': 'sponsor finance', 'source': 'transcript'}; {'quote': 'Personal loan origination growth slowed to 11% year-over-year to $3.3 billion, in line with our more conservative approach.', 'topic': 'loan portfolio growth', 'source': 'transcript'}; {'quote': 'Total Loan Originations\n -- Fourth quarter record at $10.5 billion, up 46%, with personal loan originations at $7.5 billion (up 43%), student loans at $1.9 billion (up 38%), and home loans at $1.1 billion (nearly double year over year).', 'topic': 'loan portfolio growth', 'source': 'transcript'}; {'quote': 'Personal Loan Credit Metrics\n -- Borrowers had a weighted average income of $158,000 and a FICO score of 746; charge-off rate at 2.80%, up 20 basis points sequentially but down over 50 basis points year over year.', 'topic': 'credit risk management', 'source': 'transcript'}","Transcript language leans expansionary (257 expansion signals vs 2 pullback signals), suggesting continued or growing involvement.",private credit funds,SoFi Technologies's NBFI loan ratio of 0.01% indicates minimal direct NBFI lending exposure. Sentiment 'neutral' derived from NLP disclosure signal ('none') across 2 anomaly flags. QoQ direction: contracting (-0.0%).,1
SSB,SouthState Corporation,2,low,cautious,credit risk management; loan portfolio growth; commercial real estate exposure; middle-market lending; sponsor finance; syndication,"SouthState Corporation has limited direct private credit exposure, with some activity in credit risk management, loan portfolio growth, commercial real estate exposure, middle-market lending, sponsor finance. The bank's NBFI lending ratio is below the peer median.",Key risk signals identified for SouthState Corporation: credit quality deterioration in NBFI-related exposures; concentration risk in non-bank lending; shifting disclosure tone around private credit activities. The anomaly engine flagged 3 signals across 3 categories.,"{'quote': 'We’ve done about 13% C&I growth year-to-date to 10% this past quarter, but CRE activity has slowed down largely because we believe the funding of construction loans, largely multifamily, is beginning to wane and just less appetite for CRE with the shape of the yield curve.', 'topic': 'commercial real estate exposure', 'source': 'transcript'}; {'quote': 'We believe our reserve levels are adequate and future provision expense is likely to be primarily a function of loan growth and net charge-offs as we see a slowing of the rotation from PCD to non-PCD and the resultant downward pressure on the ACL.', 'topic': 'credit risk management', 'source': 'transcript'}; {'quote': 'I think part of the investment relates to some commercial loan servicing platform that we are working on our syndication business, and that’s an important piece from a back-office perspective in order to grow on the front office, middle market.', 'topic': 'middle-market lending', 'source': 'transcript'}; {'quote': 'Historically, they’ve been a great CRE lender, and we want them to continue to do exactly what they’ve been doing historically, but we see an opportunity with some of the tech platform, the treasury management platform, the capital market platform that SouthState is introducing to layer on top of their commercial real estate business with C&I bankers, and that’s where a lot of Dan’s recruiting activity is occurring.', 'topic': 'commercial real estate exposure', 'source': 'transcript'}; {'quote': 'Nonaccruals are down slightly, and we’ve only experienced 12 basis points of charge-offs year-to-date.', 'topic': 'credit risk management', 'source': 'transcript'}","Transcript language leans expansionary (98 expansion signals vs 0 pullback signals), suggesting continued or growing involvement.",,"SouthState Corporation's NBFI loan ratio of 14.4% is substantially above the industry average, indicating heavy concentration in non-bank lending. Sentiment 'cautious' derived from NLP disclosure signal ('negative') across 3 anomaly flags. QoQ direction: expanding (+0.6%).",2
STT,State Street Corporation,1,low,neutral,loan portfolio growth; middle-market lending; sponsor finance; asset-based lending; commercial real estate exposure; fund finance; BDC / NBFI exposure,State Street Corporation has minimal private credit involvement. Disclosure language and Call Report data suggest the bank focuses primarily on traditional lending rather than NBFI-oriented activities.,Key risk signals identified for State Street Corporation: credit quality deterioration in NBFI-related exposures; concentration risk in non-bank lending; valuation uncertainty in private credit holdings. The anomaly engine flagged 6 signals across 3 categories.,"{'quote': 'You continue to see opportunities across, you know, cap call, subscription lines, BDC lending, you know, middle market CLO.', 'topic': 'fund finance', 'source': 'transcript'}; {'quote': 'As far as the digital space, it is mediocre.', 'topic': 'commercial real estate exposure', 'source': 'transcript'}; {'quote': 'These headwinds were partially offset by continued loan growth and securities portfolio repricing.', 'topic': 'loan portfolio growth', 'source': 'transcript'}; {'quote': 'On a sequential basis, NII increased 2%, supported by growth in non-US deposit balances, securities portfolio repricing, and loan growth, partially offset by the impact of lower average short-end rates.', 'topic': 'loan portfolio growth', 'source': 'transcript'}; {'quote': ""You know, in terms of other impacts, again, to us as a firm, our loan growth we've talked about, that's also played out as expected."", 'topic': 'loan portfolio growth', 'source': 'transcript'}","Transcript language leans expansionary (154 expansion signals vs 0 pullback signals), suggesting continued or growing involvement.",,State Street Corporation's NBFI loan ratio of 2.2% reflects moderate private credit market participation. Sentiment 'neutral' derived from NLP disclosure signal ('none') across 6 anomaly flags. QoQ direction: contracting (-0.2%).,1
SYF,Synchrony Financial,1,low,neutral,credit risk management; loan portfolio growth; sponsor finance,Synchrony Financial has minimal private credit involvement. Disclosure language and Call Report data suggest the bank focuses primarily on traditional lending rather than NBFI-oriented activities.,Key risk signals identified for Synchrony Financial: concentration risk in non-bank lending; significant deviation from peer group norms. The anomaly engine flagged 2 signals across 2 categories.,"{'quote': 'Provision for Credit Losses\n -- $1.4 billion, down $118 million, mainly due to a $294 million drop in net charge-offs, partially offset by a $76 million reserve build.', 'topic': 'credit risk management', 'source': 'transcript'}; {'quote': 'Provision for credit losses decreased $118 million to $1.4 billion, driven by a $294 million decrease in net charge-offs, and partially offset by a reserve build of $76 million versus a $100 million release in the prior year.', 'topic': 'credit risk management', 'source': 'transcript'}; {'quote': 'Provision for Credit Losses\n -- Reached $1.6 billion, including a $47 million reserve build and higher net charge-offs.', 'topic': 'credit risk management', 'source': 'transcript'}; {'quote': 'Provision for credit losses increased to $1.6 billion, reflecting higher net charge-offs and a $47 million reserve build.', 'topic': 'credit risk management', 'source': 'transcript'}; {'quote': 'Provision for Credit Losses\n: Decreased by $545 million to $1.1 billion, driven by a $265 million reserve release and a $210 million drop in net charge-offs.', 'topic': 'credit risk management', 'source': 'transcript'}","Transcript language leans expansionary (179 expansion signals vs 12 pullback signals), suggesting continued or growing involvement.",,Synchrony Financial's NBFI loan ratio of 0.00% indicates minimal direct NBFI lending exposure. Sentiment 'neutral' derived from NLP disclosure signal ('none') across 2 anomaly flags. QoQ direction: expanding (+0.0%).,1
TFC,Truist Financial,4,medium,positive,loan portfolio growth; credit risk management; commercial real estate exposure; middle-market lending; leveraged lending; specialty finance lending,"Truist Financial shows significant private credit involvement, with key activities spanning loan portfolio growth, credit risk management, commercial real estate exposure, middle-market lending, leveraged lending. The bank's NBFI exposure ratio places it in the upper tier of peers, indicating active participation in non-bank financial institution lending.",Key risk signals identified for Truist Financial: concentration risk in non-bank lending; significant deviation from peer group norms. The anomaly engine flagged 2 signals across 2 categories.,"{'quote': 'Our loan loss provision exceeded net charge-offs by $92 million but improved outlook for loss rates in certain portfolios like CRE Office, and multifamily contributed to a four basis point decrease our AIIL ratio to 1.54% of total loans.', 'topic': 'credit risk management', 'source': 'transcript'}; {'quote': 'The linked quarter increase in net charge-offs reflects higher C&I seasonally higher consumer losses, partially offset by lower CRE losses.', 'topic': 'credit risk management', 'source': 'transcript'}; {'quote': 'Wholesale loans\n: Average balances grew 1.5% during the quarter and end-of-period balances increased 2.9% sequentially, with C&I balances up $3.3 billion, partly offset by small declines in CRE and commercial construction loan balances.', 'topic': 'commercial real estate exposure', 'source': 'transcript'}; {'quote': 'Asset quality continued to strengthen in Q2 2025 as nonperforming loans and charge-offs fell, capitalizing on improvements in CRE exposure and disciplined risk controls.', 'topic': 'credit risk management', 'source': 'transcript'}; {'quote': 'Average commercial loans increased $3 billion or 1.6% due to $3.3 billion of growth in C&I loans, partially offset by modest declines in CRE, and commercial construction loan balances.', 'topic': 'commercial real estate exposure', 'source': 'transcript'}","Transcript language leans expansionary (283 expansion signals vs 5 pullback signals), suggesting continued or growing involvement.",,"Truist Financial's NBFI loan ratio of 34.0% is substantially above the industry average, indicating heavy concentration in non-bank lending. Sentiment 'positive' derived from NLP disclosure signal ('none') across 2 anomaly flags. QoQ direction: expanding (+0.4%).",4
UMBF,UMB Financial Corporation,3,medium,neutral,loan portfolio growth; credit risk management; commercial real estate exposure; fund finance; leveraged lending; middle-market lending; sponsor finance; specialty finance lending,"UMB Financial Corporation maintains moderate private credit exposure across loan portfolio growth, credit risk management, commercial real estate exposure, fund finance, leveraged lending. The bank's lending profile suggests selective participation in NBFI-related activities relative to its peer group.",Key risk signals identified for UMB Financial Corporation: credit quality deterioration in NBFI-related exposures; concentration risk in non-bank lending. The anomaly engine flagged 2 signals across 2 categories.,"{'quote': 'Loan growth was led by commercial real estate with multifamily balances posting 13% link quarter growth and by construction draws on previously approved lines.', 'topic': 'loan portfolio growth', 'source': 'transcript'}; {'quote': 'Allowance for Credit Losses\n -- Allowance increased to 1.07% of total loans; total net charge-offs were 20 basis points, with legacy UMB net charge-offs declining to 8 basis points from 13 basis points in the prior quarter.', 'topic': 'credit risk management', 'source': 'transcript'}; {'quote': 'Credit Quality\n -- Net charge-offs for legacy UMB were $9 million, or 13 basis points of average loans; total net charge-offs including acquired loans reached 17 basis points.', 'topic': 'credit risk management', 'source': 'transcript'}; {'quote': 'Credit quality in our portfolio remains excellent, with 14 basis points of net charge-offs for the quarter and just 10 basis points for the full year.', 'topic': 'credit risk management', 'source': 'transcript'}; {'quote': 'Non-owner-occupied CRE has had a net charge-off ratio of zero for the past four years.', 'topic': 'credit risk management', 'source': 'transcript'}","Transcript language leans expansionary (157 expansion signals vs 0 pullback signals), suggesting continued or growing involvement.",,"UMB Financial Corporation's NBFI loan ratio of 23.5% is substantially above the industry average, indicating heavy concentration in non-bank lending. Sentiment 'neutral' derived from NLP disclosure signal ('none') across 2 anomaly flags. QoQ direction: contracting (-6.3%).",3
USB,U.S. Bancorp,4,medium,cautious,credit risk management; loan portfolio growth; commercial real estate exposure; fund finance; middle-market lending; private credit,"U.S. Bancorp shows significant private credit involvement, with key activities spanning credit risk management, loan portfolio growth, commercial real estate exposure, fund finance, middle-market lending. The bank's NBFI exposure ratio places it in the upper tier of peers, indicating active participation in non-bank financial institution lending.",Key risk signals identified for U.S. Bancorp: credit quality deterioration in NBFI-related exposures; concentration risk in non-bank lending; significant deviation from peer group norms; shifting disclosure tone around private credit activities. The anomaly engine flagged 5 signals across 4 categories.,"{'quote': 'Credit Quality\n -- Nonperforming assets ratio improved to 0.41%, net charge-off ratio decreased to 0.54%, and allowance for credit losses was $7.9 billion (2.03% of loans).', 'topic': 'credit risk management', 'source': 'transcript'}; {'quote': 'Risks\nThe provision for credit losses rose by $3.6 million, mainly to increase reserves for consumer loans due to recent charge-off trends and portfolio growth, signaling consumer credit normalization.', 'topic': 'credit risk management', 'source': 'transcript'}; {'quote': 'And so, after that, then we expect to have some, obviously, we\'ll see margin expansion in this business once we get through those costs.""\nLoan growth expectations for 2026 are in the 3%-4% range, led by commercial, credit card, and improving commercial real estate segments.', 'topic': 'loan portfolio growth', 'source': 'transcript'}; {'quote': 'The net charge-off ratio improved to 0.54%, a two basis point decrease sequentially, while our allowance for credit losses of $7.9 billion represented 2.03% of period-end loans.', 'topic': 'credit risk management', 'source': 'transcript'}; {'quote': 'Gerard Cassidy:\n John, you talked about the commercial loan growth, and you talked a bit about commercial real estate.', 'topic': 'loan portfolio growth', 'source': 'transcript'}","Transcript language leans expansionary (207 expansion signals vs 1 pullback signals), suggesting continued or growing involvement.",,"U.S. Bancorp's NBFI loan ratio of 33.1% is substantially above the industry average, indicating heavy concentration in non-bank lending. Sentiment 'cautious' derived from NLP disclosure signal ('negative') across 5 anomaly flags. QoQ direction: expanding (+1.8%).",4
VLY,Valley National Bancorp,2,low,neutral,commercial real estate exposure; credit risk management; loan portfolio growth; fund finance; syndication; middle-market lending; private credit,"Valley National Bancorp has limited direct private credit exposure, with some activity in commercial real estate exposure, credit risk management, loan portfolio growth, fund finance, syndication. The bank's NBFI lending ratio is below the peer median.",Key risk signals identified for Valley National Bancorp: concentration risk in non-bank lending; valuation uncertainty in private credit holdings. The anomaly engine flagged 2 signals across 2 categories.,"{'quote': 'Asset Quality\n -- Criticized and classified loans declined by over $350,000,000 (8%) sequentially; net charge-offs for 2025 were 24bps of average loans, down from 40bps in 2024.', 'topic': 'credit risk management', 'source': 'transcript'}; {'quote': 'Asset quality improved, with lower criticized/classified loan balances and declining net charge-offs, and management sees continued credit normalization in 2026, while reserving for increased C&I mix.', 'topic': 'credit risk management', 'source': 'transcript'}; {'quote': 'Commercial real estate loan originations resumed sequential growth for the first time since 2024, with the origination engine ""fully pick back up."" and $1,000,000,000 in net CRE growth expected, partially offset by $500,000,000 in transactional CRE runoff.', 'topic': 'loan portfolio growth', 'source': 'transcript'}; {'quote': 'I know you called out the construction loan migrated to nonaccrual, but no further impacts, but I would love to hear more on the commercial real estate loans that migrated.', 'topic': 'credit risk management', 'source': 'transcript'}; {'quote': ""But I point kind of to the strength that we're seeing in the CRE market the reduction in criticized, I think that will also translate in some resolution on especially that 50% of our nonaccruals that are continuing to pay current."", 'topic': 'credit risk management', 'source': 'transcript'}","Transcript language leans expansionary (242 expansion signals vs 0 pullback signals), suggesting continued or growing involvement.",private credit funds,"Valley National Bancorp's NBFI loan ratio of 13.7% is substantially above the industry average, indicating heavy concentration in non-bank lending. Sentiment 'neutral' derived from NLP disclosure signal ('none') across 2 anomaly flags. QoQ direction: contracting (-2.1%).",2
WAL,Western Alliance Bancorporation,3,low,neutral,loan portfolio growth; credit risk management; commercial real estate exposure; warehouse lending; sponsor finance; private credit; leveraged lending,"Western Alliance Bancorporation maintains moderate private credit exposure across loan portfolio growth, credit risk management, commercial real estate exposure, warehouse lending, sponsor finance. The bank's lending profile suggests selective participation in NBFI-related activities relative to its peer group.",Key risk signals identified for Western Alliance Bancorporation: credit quality deterioration in NBFI-related exposures; concentration risk in non-bank lending; valuation uncertainty in private credit holdings. The anomaly engine flagged 4 signals across 3 categories.,"{'quote': 'Asset Quality\n -- Net charge-offs declined 5 basis points compared to the prior quarter; criticized assets increased by $254 million, largely from rises in special mention and classified loans.', 'topic': 'credit risk management', 'source': 'transcript'}; {'quote': ""We actually had a scenario this last quarter where we would have had a release of reserves in the CRE, but we instead put that into additional overlay on CRE and, again, gets us to the higher levels we have now with a more conservative view using the S4 scenario from Moody's to be able to put on our commercial real estate office."", 'topic': 'commercial real estate exposure', 'source': 'transcript'}; {'quote': 'Provision Expense\n -- $34 million, reflecting loan growth and $27 million in net charge-offs.', 'topic': 'credit risk management', 'source': 'transcript'}; {'quote': 'ACL (Allowance for Credit Losses)\n: Reserves set aside for potential loan losses, reflecting expected credit risk in the portfolio.', 'topic': 'credit risk management', 'source': 'transcript'}","Transcript language leans expansionary (243 expansion signals vs 5 pullback signals), suggesting continued or growing involvement.",,"Western Alliance Bancorporation's NBFI loan ratio of 18.1% is substantially above the industry average, indicating heavy concentration in non-bank lending. Sentiment 'neutral' derived from NLP disclosure signal ('none') across 4 anomaly flags. QoQ direction: expanding (+1.1%).",3
WBS,Webster Financial Corporation,3,low,cautious,credit risk management; loan portfolio growth; sponsor finance; commercial real estate exposure; private credit; senior secured loans; syndication; middle-market lending,"Webster Financial Corporation maintains moderate private credit exposure across credit risk management, loan portfolio growth, sponsor finance, commercial real estate exposure, private credit. The bank's lending profile suggests selective participation in NBFI-related activities relative to its peer group.",Key risk signals identified for Webster Financial Corporation: concentration risk in non-bank lending; shifting disclosure tone around private credit activities. The anomaly engine flagged 2 signals across 2 categories.,"{'quote': 'Allowance for Credit Losses\n -- Decreased $9 million quarter over quarter due to charge-offs of previously reserved loans and improved credit trends.', 'topic': 'credit risk management', 'source': 'transcript'}; {'quote': 'The company reported a decrease in allowance for credit losses driven by successful charge-off execution and risk rating migration, while highlighting a measured approach to deposit pricing amid heightened competition and falling deposit costs.', 'topic': 'credit risk management', 'source': 'transcript'}; {'quote': ""I would say we've not yet seen a material impact on loan growth trajectory in the sponsor business."", 'topic': 'sponsor finance', 'source': 'transcript'}; {'quote': 'And then just thinking about loan growth as it relates to reserve, maybe first, what are current spreads on commercial real estate and C&I?', 'topic': 'loan portfolio growth', 'source': 'transcript'}; {'quote': ""I was talking with our Chief Credit Risk yesterday, and we've seen 30 to 50 basis points over the last eighteen months or so compression in spreads, particularly in kind of commercial real estate assets that have gone kind of stabilized down to 180 basis points to 200 basis points over reference rates."", 'topic': 'credit risk management', 'source': 'transcript'}","Transcript language leans expansionary (190 expansion signals vs 2 pullback signals), suggesting continued or growing involvement.",,"Webster Financial Corporation's NBFI loan ratio of 17.6% is substantially above the industry average, indicating heavy concentration in non-bank lending. Sentiment 'cautious' derived from NLP disclosure signal ('negative') across 2 anomaly flags. QoQ direction: contracting (-1.0%).",3
WFC,Wells Fargo & Company,4,medium,positive,credit risk management; commercial real estate exposure; loan portfolio growth; asset-based lending; middle-market lending; fund finance; syndication; specialty finance lending,"Wells Fargo & Company shows significant private credit involvement, with key activities spanning credit risk management, commercial real estate exposure, loan portfolio growth, asset-based lending, middle-market lending. The bank's NBFI exposure ratio places it in the upper tier of peers, indicating active participation in non-bank financial institution lending.",Key risk signals identified for Wells Fargo & Company: credit quality deterioration in NBFI-related exposures; concentration risk in non-bank lending; significant deviation from peer group norms. The anomaly engine flagged 3 signals across 3 categories.,"{'quote': 'Commercial real estate revenue decreased 1% from a year ago, reflecting the impact of lower loan balances, partially offset by higher capital markets revenue from higher volumes in commercial mortgage-backed securities, real estate loan syndications, and multifamily capital as market sentiment improves.', 'topic': 'syndication', 'source': 'transcript'}; {'quote': 'Within Commercial Finance, the biggest piece is our corporate debt finance business, which is secured lending to asset managers and private equity funds that is typically backed by middle market and broadly syndicated loans.', 'topic': 'middle-market lending', 'source': 'transcript'}; {'quote': 'Nonperforming assets declined 5% from the third quarter, driven by a $390 million decline in commercial real estate office nonaccrual loans, which includes paydowns and net loan charge-offs.', 'topic': 'credit risk management', 'source': 'transcript'}; {'quote': 'Commercial real estate office nonaccruals declined $164 million, which included paydowns and net loan charge-offs.', 'topic': 'credit risk management', 'source': 'transcript'}; {'quote': 'The biggest piece of this category as well as the driver of most of the growth is from our fund finance group, which is largely subscription or capital call facilities for alternative asset managers, targeting larger funds with strong investment track records where we have long-standing strategic relationships and that are generally backed by a diversified pool of limited partner commitments to the fund.', 'topic': 'fund finance', 'source': 'transcript'}","Transcript language leans expansionary (360 expansion signals vs 2 pullback signals), suggesting continued or growing involvement.",,"Wells Fargo & Company's NBFI loan ratio of 26.9% is substantially above the industry average, indicating heavy concentration in non-bank lending. Sentiment 'positive' derived from NLP disclosure signal ('none') across 3 anomaly flags. QoQ direction: expanding (+0.9%).",4
WTFC,Wintrust Financial Corporation,4,high,positive,commercial real estate exposure; loan portfolio growth; credit risk management; sponsor finance; private credit; warehouse lending; fund finance; middle-market lending,"Wintrust Financial Corporation shows significant private credit involvement, with key activities spanning commercial real estate exposure, loan portfolio growth, credit risk management, sponsor finance, private credit. The bank's NBFI exposure ratio places it in the upper tier of peers, indicating active participation in non-bank financial institution lending.",Key risk signals identified for Wintrust Financial Corporation: credit quality deterioration in NBFI-related exposures; concentration risk in non-bank lending; significant deviation from peer group norms. The anomaly engine flagged 3 signals across 3 categories.,"{'quote': 'CRE exposure\n -- Commercial real estate nonperforming loans decreased from 0.25% to 0.21% of total CRE loans in Q3 2025, with CRE office exposure steady at 3% of total loans.', 'topic': 'commercial real estate exposure', 'source': 'transcript'}; {'quote': 'Credit quality remained stable in Q3 2025, with special focus on proactively managing CRE and office exposure, and no material retrenchment from core lending verticals.', 'topic': 'credit risk management', 'source': 'transcript'}; {'quote': 'Credit quality\n -- Nonperforming loans declined from $189 million (37 basis points) to $163 million (31 basis points) in Q3 2025; net charge-offs rose to 19 basis points in Q3 2025, primarily due to the resolution of previously reserved credits.', 'topic': 'credit risk management', 'source': 'transcript'}; {'quote': 'Industry glossary\nCRE\n: Commercial Real Estate; loans collateralized by commercial property including office, retail, industrial, and multifamily assets.', 'topic': 'commercial real estate exposure', 'source': 'transcript'}","Transcript language leans expansionary (134 expansion signals vs 2 pullback signals), suggesting continued or growing involvement.",,"Wintrust Financial Corporation's NBFI loan ratio of 34.5% is substantially above the industry average, indicating heavy concentration in non-bank lending. Sentiment 'positive' derived from NLP disclosure signal ('none') across 3 anomaly flags. QoQ direction: contracting (-0.8%).",4
ZION,Zions Bancorporation,3,medium,neutral,credit risk management; commercial real estate exposure; loan portfolio growth; syndication; fund finance; private credit; sponsor finance; corporate finance,"Zions Bancorporation maintains moderate private credit exposure across credit risk management, commercial real estate exposure, loan portfolio growth, syndication, fund finance. The bank's lending profile suggests selective participation in NBFI-related activities relative to its peer group.",Key risk signals identified for Zions Bancorporation: credit quality deterioration in NBFI-related exposures; concentration risk in non-bank lending. The anomaly engine flagged 4 signals across 2 categories.,"{'quote': 'CRE Portfolio\n -- $13.4 billion representing 22% of loans, maintaining low nonaccruals and delinquencies while classified balances declined $35 million sequentially, primarily driven by commercial real estate improvement and partially offset by a $92 million rise in C&I classified loans.', 'topic': 'credit risk management', 'source': 'transcript'}; {'quote': 'Commercial Real Estate (CRE) Portfolio\n-- $13.6 billion (22% of loans) in Q2 2025; Classified CRE balances fell by $196 million during Q2 2025, primarily in multifamily, with ongoing low levels of delinquencies and nonaccruals.', 'topic': 'credit risk management', 'source': 'transcript'}; {'quote': 'Credit Quality\n -- Net charge-offs of $7 million or five basis points annualized; nonperforming assets at 52 basis points of loans and OREO, down from 54 basis points prior quarter; allowance for credit losses declined one basis point to 1.19% of loans.', 'topic': 'credit risk management', 'source': 'transcript'}; {'quote': 'During the fourth quarter, we reported a $6 million provision for credit losses, which when combined with our net charge-offs reduced the allowance for credit losses by $1 million relative to the prior quarter.', 'topic': 'credit risk management', 'source': 'transcript'}; {'quote': 'Email pr@fool.com\nRisks\nC&I Loan Charge-Offs\n — A $50 million charge-off and a $10 million reserve on two related commercial and industrial loans led to a nonrecurring $49 million provision for credit losses in Q3 2025, directly impacting net charge-offs and reducing the allowance for credit losses.', 'topic': 'credit risk management', 'source': 'transcript'}","Transcript language leans expansionary (221 expansion signals vs 0 pullback signals), suggesting continued or growing involvement.",,"Zions Bancorporation's NBFI loan ratio of 23.9% is substantially above the industry average, indicating heavy concentration in non-bank lending. Sentiment 'neutral' derived from NLP disclosure signal ('none') across 4 anomaly flags. QoQ direction: expanding (+0.6%).",3
